Timestamp,Src_IP,Dst_IP,Protocol,Dst_Port,Flags,Length,Payload_Snippet
1774602364.5523696,114.55.23.100,10.69.131.192,TCP,80,S,40,
1774602364.5696461,114.55.23.100,10.69.131.192,TCP,80,S,40,
1774602364.58415,114.55.23.100,10.69.131.192,TCP,80,S,40,
1774602364.5998335,114.55.23.100,10.69.131.192,TCP,80,S,40,
1774602364.6086428,114.55.23.100,10.69.131.192,TCP,80,S,40,
1774602364.6248329,114.55.23.100,10.69.131.192,TCP,80,S,40,
1774602364.635863,114.55.23.100,10.69.131.192,TCP,80,S,40,
1774602364.643859,114.55.23.100,10.69.131.192,TCP,80,S,40,
1774602364.648586,114.55.23.100,10.69.131.192,TCP,80,S,40,
1774602364.6547482,114.55.23.100,10.69.131.192,TCP,80,S,40,
1774602364.6589916,114.55.23.100,10.69.131.192,TCP,80,S,40,
1774602364.663068,114.55.23.100,10.69.131.192,TCP,80,S,40,
1774602364.6666806,114.55.23.100,10.69.131.192,TCP,80,S,40,
1774602364.6732564,114.55.23.100,10.69.131.192,TCP,80,S,40,
1774602364.6778126,114.55.23.100,10.69.131.192,TCP,80,S,40,
1774602364.6809647,114.55.23.100,10.69.131.192,TCP,80,S,40,
1774602364.6850402,114.55.23.100,10.69.131.192,TCP,80,S,40,
1774602364.6890743,114.55.23.100,10.69.131.192,TCP,80,S,40,
1774602364.693586,114.55.23.100,10.69.131.192,TCP,80,S,40,
1774602364.697771,114.55.23.100,10.69.131.192,TCP,80,S,40,
1774602364.7028399,114.55.23.100,10.69.131.192,TCP,80,S,40,
1774602364.706858,114.55.23.100,10.69.131.192,TCP,80,S,40,
1774602364.710351,114.55.23.100,10.69.131.192,TCP,80,S,40,
1774602364.7148774,114.55.23.100,10.69.131.192,TCP,80,S,40,
1774602364.7188804,114.55.23.100,10.69.131.192,TCP,80,S,40,
1774602364.7228904,114.55.23.100,10.69.131.192,TCP,80,S,40,
1774602364.727344,114.55.23.100,10.69.131.192,TCP,80,S,40,
1774602364.7315433,114.55.23.100,10.69.131.192,TCP,80,S,40,
1774602364.7350807,114.55.23.100,10.69.131.192,TCP,80,S,40,
1774602364.739088,114.55.23.100,10.69.131.192,TCP,80,S,40,
1774602364.7434556,114.55.23.100,10.69.131.192,TCP,80,S,40,
1774602364.7461064,114.55.23.100,10.69.131.192,TCP,80,S,40,
1774602364.7512314,114.55.23.100,10.69.131.192,TCP,80,S,40,
1774602364.7556486,114.55.23.100,10.69.131.192,TCP,80,S,40,
1774602364.7614157,114.55.23.100,10.69.131.192,TCP,80,S,40,
1774602364.763963,114.55.23.100,10.69.131.192,TCP,80,S,40,
1774602364.7679632,114.55.23.100,10.69.131.192,TCP,80,S,40,
1774602364.7709632,114.55.23.100,10.69.131.192,TCP,80,S,40,
1774602364.7756312,114.55.23.100,10.69.131.192,TCP,80,S,40,
1774602364.7792208,114.55.23.100,10.69.131.192,TCP,80,S,40,
1774602364.7833622,114.55.23.100,10.69.131.192,TCP,80,S,40,
1774602364.786912,114.55.23.100,10.69.131.192,TCP,80,S,40,
1774602364.7899132,114.55.23.100,10.69.131.192,TCP,80,S,40,
1774602364.7936234,114.55.23.100,10.69.131.192,TCP,80,S,40,
1774602364.797665,114.55.23.100,10.69.131.192,TCP,80,S,40,
1774602364.8007324,114.55.23.100,10.69.131.192,TCP,80,S,40,
1774602364.8042617,114.55.23.100,10.69.131.192,TCP,80,S,40,
1774602364.807943,114.55.23.100,10.69.131.192,TCP,80,S,40,
1774602364.8125572,114.55.23.100,10.69.131.192,TCP,80,S,40,
1774602364.8155727,114.55.23.100,10.69.131.192,TCP,80,S,40,
1774602365.8583598,114.55.23.100,10.69.131.192,TCP,80,S,40,
1774602365.8675506,114.55.23.100,10.69.131.192,TCP,80,S,40,
1774602365.872716,114.55.23.100,10.69.131.192,TCP,80,S,40,
1774602365.876784,114.55.23.100,10.69.131.192,TCP,80,S,40,
1774602365.881427,114.55.23.100,10.69.131.192,TCP,80,S,40,
1774602365.8895106,114.55.23.100,10.69.131.192,TCP,80,S,40,
1774602365.89588,114.55.23.100,10.69.131.192,TCP,80,S,40,
1774602365.9052305,114.55.23.100,10.69.131.192,TCP,80,S,40,
1774602365.911662,114.55.23.100,10.69.131.192,TCP,80,S,40,
1774602365.9167972,114.55.23.100,10.69.131.192,TCP,80,S,40,
1774602365.9215932,114.55.23.100,10.69.131.192,TCP,80,S,40,
1774602365.9251113,114.55.23.100,10.69.131.192,TCP,80,S,40,
1774602365.929196,114.55.23.100,10.69.131.192,TCP,80,S,40,
1774602365.9357913,114.55.23.100,10.69.131.192,TCP,80,S,40,
1774602365.9398594,114.55.23.100,10.69.131.192,TCP,80,S,40,
1774602365.9445214,114.55.23.100,10.69.131.192,TCP,80,S,40,
1774602365.951125,114.55.23.100,10.69.131.192,TCP,80,S,40,
1774602365.9567223,114.55.23.100,10.69.131.192,TCP,80,S,40,
1774602365.9633694,114.55.23.100,10.69.131.192,TCP,80,S,40,
1774602365.9691956,114.55.23.100,10.69.131.192,TCP,80,S,40,
1774602365.9735277,114.55.23.100,10.69.131.192,TCP,80,S,40,
1774602365.9815333,114.55.23.100,10.69.131.192,TCP,80,S,40,
1774602365.9894772,114.55.23.100,10.69.131.192,TCP,80,S,40,
1774602366.0008497,114.55.23.100,10.69.131.192,TCP,80,S,40,
1774602366.0115533,114.55.23.100,10.69.131.192,TCP,80,S,40,
1774602366.0258625,114.55.23.100,10.69.131.192,TCP,80,S,40,
1774602366.0498633,114.55.23.100,10.69.131.192,TCP,80,S,40,
1774602366.0795393,114.55.23.100,10.69.131.192,TCP,80,S,40,
1774602366.109095,114.55.23.100,10.69.131.192,TCP,80,S,40,
1774602366.1392155,114.55.23.100,10.69.131.192,TCP,80,S,40,
1774602366.1694553,114.55.23.100,10.69.131.192,TCP,80,S,40,
1774602366.1904504,114.55.23.100,10.69.131.192,TCP,80,S,40,
1774602366.2105384,114.55.23.100,10.69.131.192,TCP,80,S,40,
1774602366.2304077,114.55.23.100,10.69.131.192,TCP,80,S,40,
1774602366.251742,114.55.23.100,10.69.131.192,TCP,80,S,40,
1774602366.2713766,114.55.23.100,10.69.131.192,TCP,80,S,40,
1774602366.2976897,114.55.23.100,10.69.131.192,TCP,80,S,40,
1774602366.314805,114.55.23.100,10.69.131.192,TCP,80,S,40,
1774602366.339165,114.55.23.100,10.69.131.192,TCP,80,S,40,
1774602366.36363,114.55.23.100,10.69.131.192,TCP,80,S,40,
1774602366.3890986,114.55.23.100,10.69.131.192,TCP,80,S,40,
1774602366.4157388,114.55.23.100,10.69.131.192,TCP,80,S,40,
1774602366.4392467,114.55.23.100,10.69.131.192,TCP,80,S,40,
1774602366.4674563,114.55.23.100,10.69.131.192,TCP,80,S,40,
1774602366.4883127,114.55.23.100,10.69.131.192,TCP,80,S,40,
1774602366.5071535,114.55.23.100,10.69.131.192,TCP,80,S,40,
1774602366.52652,114.55.23.100,10.69.131.192,TCP,80,S,40,
1774602366.5466683,114.55.23.100,10.69.131.192,TCP,80,S,40,
1774602366.570103,114.55.23.100,10.69.131.192,TCP,80,S,40,
1774602366.593736,114.55.23.100,10.69.131.192,TCP,80,S,40,
1774602387.9898481,114.55.23.100,10.69.131.192,TCP,80,S,40,
1774602388.0063818,114.55.23.100,10.69.131.192,TCP,80,S,40,
1774602388.0337133,114.55.23.100,10.69.131.192,TCP,80,S,40,
1774602388.0614698,114.55.23.100,10.69.131.192,TCP,80,S,40,
1774602388.0818934,114.55.23.100,10.69.131.192,TCP,80,S,40,
1774602388.1066244,114.55.23.100,10.69.131.192,TCP,80,S,40,
1774602388.1316006,114.55.23.100,10.69.131.192,TCP,80,S,40,
1774602388.1530137,114.55.23.100,10.69.131.192,TCP,80,S,40,
1774602388.1726654,114.55.23.100,10.69.131.192,TCP,80,S,40,
1774602388.1941676,114.55.23.100,10.69.131.192,TCP,80,S,40,
1774602388.2151773,114.55.23.100,10.69.131.192,TCP,80,S,40,
1774602388.2354782,114.55.23.100,10.69.131.192,TCP,80,S,40,
1774602388.2562964,114.55.23.100,10.69.131.192,TCP,80,S,40,
1774602388.2764149,114.55.23.100,10.69.131.192,TCP,80,S,40,
1774602388.3050013,114.55.23.100,10.69.131.192,TCP,80,S,40,
1774602388.3361685,114.55.23.100,10.69.131.192,TCP,80,S,40,
1774602388.3733492,114.55.23.100,10.69.131.192,TCP,80,S,40,
1774602388.4143715,114.55.23.100,10.69.131.192,TCP,80,S,40,
1774602388.4534092,114.55.23.100,10.69.131.192,TCP,80,S,40,
1774602388.48831,114.55.23.100,10.69.131.192,TCP,80,S,40,
1774602388.5188618,114.55.23.100,10.69.131.192,TCP,80,S,40,
1774602388.5379262,114.55.23.100,10.69.131.192,TCP,80,S,40,
1774602388.5516598,114.55.23.100,10.69.131.192,TCP,80,S,40,
1774602388.566329,114.55.23.100,10.69.131.192,TCP,80,S,40,
1774602388.5781066,114.55.23.100,10.69.131.192,TCP,80,S,40,
1774602388.5852876,114.55.23.100,10.69.131.192,TCP,80,S,40,
1774602388.594327,114.55.23.100,10.69.131.192,TCP,80,S,40,
1774602388.6114209,114.55.23.100,10.69.131.192,TCP,80,S,40,
1774602388.6217823,114.55.23.100,10.69.131.192,TCP,80,S,40,
1774602388.636589,114.55.23.100,10.69.131.192,TCP,80,S,40,
1774602392.674888,114.55.23.100,10.69.131.192,TCP,80,S,40,
1774602392.6840682,114.55.23.100,10.69.131.192,TCP,80,S,40,
1774602392.6968167,114.55.23.100,10.69.131.192,TCP,80,S,40,
1774602392.7049317,114.55.23.100,10.69.131.192,TCP,80,S,40,
1774602392.7155032,114.55.23.100,10.69.131.192,TCP,80,S,40,
1774602392.72652,114.55.23.100,10.69.131.192,TCP,80,S,40,
1774602392.7383413,114.55.23.100,10.69.131.192,TCP,80,S,40,
1774602392.7476327,114.55.23.100,10.69.131.192,TCP,80,S,40,
1774602392.757639,114.55.23.100,10.69.131.192,TCP,80,S,40,
1774602392.764864,114.55.23.100,10.69.131.192,TCP,80,S,40,
1774602392.7708638,114.55.23.100,10.69.131.192,TCP,80,S,40,
1774602392.777098,114.55.23.100,10.69.131.192,TCP,80,S,40,
1774602392.78423,114.55.23.100,10.69.131.192,TCP,80,S,40,
1774602392.7898195,114.55.23.100,10.69.131.192,TCP,80,S,40,
1774602392.7954133,114.55.23.100,10.69.131.192,TCP,80,S,40,
1774602392.8025253,114.55.23.100,10.69.131.192,TCP,80,S,40,
1774602392.8085475,114.55.23.100,10.69.131.192,TCP,80,S,40,
1774602392.8164978,114.55.23.100,10.69.131.192,TCP,80,S,40,
1774602392.8225055,114.55.23.100,10.69.131.192,TCP,80,S,40,
1774602392.830328,114.55.23.100,10.69.131.192,TCP,80,S,40,
1774602392.837656,114.55.23.100,10.69.131.192,TCP,80,S,40,
1774602392.8427615,114.55.23.100,10.69.131.192,TCP,80,S,40,
1774602392.8490255,114.55.23.100,10.69.131.192,TCP,80,S,40,
1774602392.8535724,114.55.23.100,10.69.131.192,TCP,80,S,40,
1774602392.8585715,114.55.23.100,10.69.131.192,TCP,80,S,40,
1774602392.862809,114.55.23.100,10.69.131.192,TCP,80,S,40,
1774602392.8683367,114.55.23.100,10.69.131.192,TCP,80,S,40,
1774602392.8734496,114.55.23.100,10.69.131.192,TCP,80,S,40,
1774602392.878516,114.55.23.100,10.69.131.192,TCP,80,S,40,
1774602392.8841107,114.55.23.100,10.69.131.192,TCP,80,S,40,
1774602396.8225513,114.55.23.100,10.69.131.192,TCP,80,S,40,
1774602396.8276412,114.55.23.100,10.69.131.192,TCP,80,S,40,
1774602396.8316011,114.55.23.100,10.69.131.192,TCP,80,S,40,
1774602396.836111,114.55.23.100,10.69.131.192,TCP,80,S,40,
1774602396.8422556,114.55.23.100,10.69.131.192,TCP,80,S,40,
1774602396.8477755,114.55.23.100,10.69.131.192,TCP,80,S,40,
1774602396.852349,114.55.23.100,10.69.131.192,TCP,80,S,40,
1774602396.8577256,114.55.23.100,10.69.131.192,TCP,80,S,40,
1774602396.8628082,114.55.23.100,10.69.131.192,TCP,80,S,40,
1774602396.8698258,114.55.23.100,10.69.131.192,TCP,80,S,40,
1774602396.8752074,114.55.23.100,10.69.131.192,TCP,80,S,40,
1774602396.8831942,114.55.23.100,10.69.131.192,TCP,80,S,40,
1774602396.8905463,114.55.23.100,10.69.131.192,TCP,80,S,40,
1774602396.8967755,114.55.23.100,10.69.131.192,TCP,80,S,40,
1774602396.9046187,114.55.23.100,10.69.131.192,TCP,80,S,40,
1774602396.9102335,114.55.23.100,10.69.131.192,TCP,80,S,40,
1774602396.917688,114.55.23.100,10.69.131.192,TCP,80,S,40,
1774602396.925167,114.55.23.100,10.69.131.192,TCP,80,S,40,
1774602396.9320478,114.55.23.100,10.69.131.192,TCP,80,S,40,
1774602396.940583,114.55.23.100,10.69.131.192,TCP,80,S,40,
1774602396.9475875,114.55.23.100,10.69.131.192,TCP,80,S,40,
1774602396.9555953,114.55.23.100,10.69.131.192,TCP,80,S,40,
1774602396.9637973,114.55.23.100,10.69.131.192,TCP,80,S,40,
1774602396.973068,114.55.23.100,10.69.131.192,TCP,80,S,40,
1774602396.9832647,114.55.23.100,10.69.131.192,TCP,80,S,40,
1774602396.9941328,114.55.23.100,10.69.131.192,TCP,80,S,40,
1774602397.010304,114.55.23.100,10.69.131.192,TCP,80,S,40,
1774602397.0333033,114.55.23.100,10.69.131.192,TCP,80,S,40,
1774602397.0537674,114.55.23.100,10.69.131.192,TCP,80,S,40,
1774602397.0823116,114.55.23.100,10.69.131.192,TCP,80,S,40,
1774603642.197786,114.55.23.100,10.69.131.192,TCP,80,S,40,
1774603642.2089133,114.55.23.100,10.69.131.192,TCP,80,S,40,
1774603642.2159076,114.55.23.100,10.69.131.192,TCP,80,S,40,
1774603642.2283678,114.55.23.100,10.69.131.192,TCP,80,S,40,
1774603642.2361515,114.55.23.100,10.69.131.192,TCP,80,S,40,
1774603642.2432542,114.55.23.100,10.69.131.192,TCP,80,S,40,
1774603642.2497678,114.55.23.100,10.69.131.192,TCP,80,S,40,
1774603642.2569678,114.55.23.100,10.69.131.192,TCP,80,S,40,
1774603642.2634804,114.55.23.100,10.69.131.192,TCP,80,S,40,
1774603642.2714703,114.55.23.100,10.69.131.192,TCP,80,S,40,
1774603642.2795918,114.55.23.100,10.69.131.192,TCP,80,S,40,
1774603642.2861958,114.55.23.100,10.69.131.192,TCP,80,S,40,
1774603642.2927017,114.55.23.100,10.69.131.192,TCP,80,S,40,
1774603642.2977107,114.55.23.100,10.69.131.192,TCP,80,S,40,
1774603642.3043554,114.55.23.100,10.69.131.192,TCP,80,S,40,
1774603642.3098733,114.55.23.100,10.69.131.192,TCP,80,S,40,
1774603642.3154573,114.55.23.100,10.69.131.192,TCP,80,S,40,
1774603642.3205025,114.55.23.100,10.69.131.192,TCP,80,S,40,
1774603642.326058,114.55.23.100,10.69.131.192,TCP,80,S,40,
1774603642.331671,114.55.23.100,10.69.131.192,TCP,80,S,40,
1774603642.3361804,114.55.23.100,10.69.131.192,TCP,80,S,40,
1774603642.3411803,114.55.23.100,10.69.131.192,TCP,80,S,40,
1774603642.3463287,114.55.23.100,10.69.131.192,TCP,80,S,40,
1774603642.3513484,114.55.23.100,10.69.131.192,TCP,80,S,40,
1774603642.3558462,114.55.23.100,10.69.131.192,TCP,80,S,40,
1774603642.3603692,114.55.23.100,10.69.131.192,TCP,80,S,40,
1774603642.3663208,114.55.23.100,10.69.131.192,TCP,80,S,40,
1774603642.3729763,114.55.23.100,10.69.131.192,TCP,80,S,40,
1774603642.378696,114.55.23.100,10.69.131.192,TCP,80,S,40,
1774603642.3832262,114.55.23.100,10.69.131.192,TCP,80,S,40,
1774603642.388737,114.55.23.100,10.69.131.192,TCP,80,S,40,
1774603642.3942533,114.55.23.100,10.69.131.192,TCP,80,S,40,
1774603642.3977795,114.55.23.100,10.69.131.192,TCP,80,S,40,
1774603642.4034986,114.55.23.100,10.69.131.192,TCP,80,S,40,
1774603642.4100142,114.55.23.100,10.69.131.192,TCP,80,S,40,
1774603642.4155078,114.55.23.100,10.69.131.192,TCP,80,S,40,
1774603642.419943,114.55.23.100,10.69.131.192,TCP,80,S,40,
1774603642.4244554,114.55.23.100,10.69.131.192,TCP,80,S,40,
1774603642.4286377,114.55.23.100,10.69.131.192,TCP,80,S,40,
1774603642.4356866,114.55.23.100,10.69.131.192,TCP,80,S,40,
1774603642.439292,114.55.23.100,10.69.131.192,TCP,80,S,40,
1774603642.4448104,114.55.23.100,10.69.131.192,TCP,80,S,40,
1774603642.4503307,114.55.23.100,10.69.131.192,TCP,80,S,40,
1774603642.4565182,114.55.23.100,10.69.131.192,TCP,80,S,40,
1774603642.463271,114.55.23.100,10.69.131.192,TCP,80,S,40,
1774603642.4684548,114.55.23.100,10.69.131.192,TCP,80,S,40,
1774603642.4732742,114.55.23.100,10.69.131.192,TCP,80,S,40,
1774603642.4799592,114.55.23.100,10.69.131.192,TCP,80,S,40,
1774603642.485589,114.55.23.100,10.69.131.192,TCP,80,S,40,
1774603642.4909387,114.55.23.100,10.69.131.192,TCP,80,S,40,
1774603643.5416584,114.55.23.100,10.69.131.192,TCP,80,S,40,
1774603643.5667107,114.55.23.100,10.69.131.192,TCP,80,S,40,
1774603643.595511,114.55.23.100,10.69.131.192,TCP,80,S,40,
1774603643.6260557,114.55.23.100,10.69.131.192,TCP,80,S,40,
1774603643.6569417,114.55.23.100,10.69.131.192,TCP,80,S,40,
1774603643.6784906,114.55.23.100,10.69.131.192,TCP,80,S,40,
1774603643.704231,114.55.23.100,10.69.131.192,TCP,80,S,40,
1774603643.7189074,114.55.23.100,10.69.131.192,TCP,80,S,40,
1774603643.7392752,114.55.23.100,10.69.131.192,TCP,80,S,40,
1774603643.7618344,114.55.23.100,10.69.131.192,TCP,80,S,40,
1774603643.788076,114.55.23.100,10.69.131.192,TCP,80,S,40,
1774603643.8151925,114.55.23.100,10.69.131.192,TCP,80,S,40,
1774603643.8383105,114.55.23.100,10.69.131.192,TCP,80,S,40,
1774603643.858876,114.55.23.100,10.69.131.192,TCP,80,S,40,
1774603643.8876567,114.55.23.100,10.69.131.192,TCP,80,S,40,
1774603643.9213758,114.55.23.100,10.69.131.192,TCP,80,S,40,
1774603643.9691803,114.55.23.100,10.69.131.192,TCP,80,S,40,
1774603644.0052316,114.55.23.100,10.69.131.192,TCP,80,S,40,
1774603644.0361545,114.55.23.100,10.69.131.192,TCP,80,S,40,
1774603644.0597816,114.55.23.100,10.69.131.192,TCP,80,S,40,
1774603644.0788074,114.55.23.100,10.69.131.192,TCP,80,S,40,
1774603644.091918,114.55.23.100,10.69.131.192,TCP,80,S,40,
1774603644.101373,114.55.23.100,10.69.131.192,TCP,80,S,40,
1774603644.1128075,114.55.23.100,10.69.131.192,TCP,80,S,40,
1774603644.1224866,114.55.23.100,10.69.131.192,TCP,80,S,40,
1774603644.1335866,114.55.23.100,10.69.131.192,TCP,80,S,40,
1774603644.1422968,114.55.23.100,10.69.131.192,TCP,80,S,40,
1774603644.1486032,114.55.23.100,10.69.131.192,TCP,80,S,40,
1774603644.1560438,114.55.23.100,10.69.131.192,TCP,80,S,40,
1774603644.1626744,114.55.23.100,10.69.131.192,TCP,80,S,40,
1774603644.1689296,114.55.23.100,10.69.131.192,TCP,80,S,40,
1774603644.173811,114.55.23.100,10.69.131.192,TCP,80,S,40,
1774603644.179589,114.55.23.100,10.69.131.192,TCP,80,S,40,
1774603644.186534,114.55.23.100,10.69.131.192,TCP,80,S,40,
1774603644.192827,114.55.23.100,10.69.131.192,TCP,80,S,40,
1774603644.1993067,114.55.23.100,10.69.131.192,TCP,80,S,40,
1774603644.205415,114.55.23.100,10.69.131.192,TCP,80,S,40,
1774603644.2101686,114.55.23.100,10.69.131.192,TCP,80,S,40,
1774603644.216443,114.55.23.100,10.69.131.192,TCP,80,S,40,
1774603644.2211983,114.55.23.100,10.69.131.192,TCP,80,S,40,
1774603644.2260194,114.55.23.100,10.69.131.192,TCP,80,S,40,
1774603644.230696,114.55.23.100,10.69.131.192,TCP,80,S,40,
1774603644.2354405,114.55.23.100,10.69.131.192,TCP,80,S,40,
1774603644.2402995,114.55.23.100,10.69.131.192,TCP,80,S,40,
1774603644.2444677,114.55.23.100,10.69.131.192,TCP,80,S,40,
1774603644.24821,114.55.23.100,10.69.131.192,TCP,80,S,40,
1774603644.2530718,114.55.23.100,10.69.131.192,TCP,80,S,40,
1774603644.259081,114.55.23.100,10.69.131.192,TCP,80,S,40,
1774603644.2634358,114.55.23.100,10.69.131.192,TCP,80,S,40,
1774603644.266604,114.55.23.100,10.69.131.192,TCP,80,S,40,
1774603645.3052213,114.55.23.100,10.69.131.192,TCP,80,S,40,
1774603645.3165493,114.55.23.100,10.69.131.192,TCP,80,S,40,
1774603645.3323448,114.55.23.100,10.69.131.192,TCP,80,S,40,
1774603645.3479095,114.55.23.100,10.69.131.192,TCP,80,S,40,
1774603645.3631368,114.55.23.100,10.69.131.192,TCP,80,S,40,
1774603645.3874216,114.55.23.100,10.69.131.192,TCP,80,S,40,
1774603645.4032125,114.55.23.100,10.69.131.192,TCP,80,S,40,
1774603645.4244437,114.55.23.100,10.69.131.192,TCP,80,S,40,
1774603645.4408326,114.55.23.100,10.69.131.192,TCP,80,S,40,
1774603645.4520164,114.55.23.100,10.69.131.192,TCP,80,S,40,
1774603645.461712,114.55.23.100,10.69.131.192,TCP,80,S,40,
1774603645.4684205,114.55.23.100,10.69.131.192,TCP,80,S,40,
1774603645.4743192,114.55.23.100,10.69.131.192,TCP,80,S,40,
1774603645.4806652,114.55.23.100,10.69.131.192,TCP,80,S,40,
1774603645.4854875,114.55.23.100,10.69.131.192,TCP,80,S,40,
1774603645.4902728,114.55.23.100,10.69.131.192,TCP,80,S,40,
1774603645.4965403,114.55.23.100,10.69.131.192,TCP,80,S,40,
1774603645.5015178,114.55.23.100,10.69.131.192,TCP,80,S,40,
1774603645.506404,114.55.23.100,10.69.131.192,TCP,80,S,40,
1774603645.511004,114.55.23.100,10.69.131.192,TCP,80,S,40,
1774603645.5162516,114.55.23.100,10.69.131.192,TCP,80,S,40,
1774603645.5204663,114.55.23.100,10.69.131.192,TCP,80,S,40,
1774603645.5252044,114.55.23.100,10.69.131.192,TCP,80,S,40,
1774603645.529786,114.55.23.100,10.69.131.192,TCP,80,S,40,
1774603645.53449,114.55.23.100,10.69.131.192,TCP,80,S,40,
1774603645.5390763,114.55.23.100,10.69.131.192,TCP,80,S,40,
1774603645.5442624,114.55.23.100,10.69.131.192,TCP,80,S,40,
1774603645.5483725,114.55.23.100,10.69.131.192,TCP,80,S,40,
1774603645.554557,114.55.23.100,10.69.131.192,TCP,80,S,40,
1774603645.5592265,114.55.23.100,10.69.131.192,TCP,80,S,40,
1774603645.5622983,114.55.23.100,10.69.131.192,TCP,80,S,40,
1774603645.5669582,114.55.23.100,10.69.131.192,TCP,80,S,40,
1774603645.5720346,114.55.23.100,10.69.131.192,TCP,80,S,40,
1774603645.5772064,114.55.23.100,10.69.131.192,TCP,80,S,40,
1774603645.5813196,114.55.23.100,10.69.131.192,TCP,80,S,40,
1774603645.5860262,114.55.23.100,10.69.131.192,TCP,80,S,40,
1774603645.592671,114.55.23.100,10.69.131.192,TCP,80,S,40,
1774603645.5978107,114.55.23.100,10.69.131.192,TCP,80,S,40,
1774603645.6024423,114.55.23.100,10.69.131.192,TCP,80,S,40,
1774603645.6081548,114.55.23.100,10.69.131.192,TCP,80,S,40,
1774603645.6117487,114.55.23.100,10.69.131.192,TCP,80,S,40,
1774603645.616475,114.55.23.100,10.69.131.192,TCP,80,S,40,
1774603645.621198,114.55.23.100,10.69.131.192,TCP,80,S,40,
1774603645.6271162,114.55.23.100,10.69.131.192,TCP,80,S,40,
1774603645.630154,114.55.23.100,10.69.131.192,TCP,80,S,40,
1774603645.636345,114.55.23.100,10.69.131.192,TCP,80,S,40,
1774603645.6409562,114.55.23.100,10.69.131.192,TCP,80,S,40,
1774603645.6440868,114.55.23.100,10.69.131.192,TCP,80,S,40,
1774603645.650473,114.55.23.100,10.69.131.192,TCP,80,S,40,
1774603645.656047,114.55.23.100,10.69.131.192,TCP,80,S,40,
1774603646.7063115,114.55.23.100,10.69.131.192,TCP,80,S,40,
1774603646.7334015,114.55.23.100,10.69.131.192,TCP,80,S,40,
1774603646.7589076,114.55.23.100,10.69.131.192,TCP,80,S,40,
1774603646.7819216,114.55.23.100,10.69.131.192,TCP,80,S,40,
1774603646.810699,114.55.23.100,10.69.131.192,TCP,80,S,40,
1774603646.8365893,114.55.23.100,10.69.131.192,TCP,80,S,40,
1774603646.8682637,114.55.23.100,10.69.131.192,TCP,80,S,40,
1774603646.8981578,114.55.23.100,10.69.131.192,TCP,80,S,40,
1774603646.928061,114.55.23.100,10.69.131.192,TCP,80,S,40,
1774603646.9611254,114.55.23.100,10.69.131.192,TCP,80,S,40,
1774603646.9890852,114.55.23.100,10.69.131.192,TCP,80,S,40,
1774603647.019004,114.55.23.100,10.69.131.192,TCP,80,S,40,
1774603647.0468047,114.55.23.100,10.69.131.192,TCP,80,S,40,
1774603647.0708303,114.55.23.100,10.69.131.192,TCP,80,S,40,
1774603647.0802507,114.55.23.100,10.69.131.192,TCP,80,S,40,
1774603647.0853045,114.55.23.100,10.69.131.192,TCP,80,S,40,
1774603647.0927634,114.55.23.100,10.69.131.192,TCP,80,S,40,
1774603647.0965407,114.55.23.100,10.69.131.192,TCP,80,S,40,
1774603647.1019764,114.55.23.100,10.69.131.192,TCP,80,S,40,
1774603647.1052103,114.55.23.100,10.69.131.192,TCP,80,S,40,
1774603647.1113505,114.55.23.100,10.69.131.192,TCP,80,S,40,
1774603647.1178384,114.55.23.100,10.69.131.192,TCP,80,S,40,
1774603647.1227317,114.55.23.100,10.69.131.192,TCP,80,S,40,
1774603647.1259913,114.55.23.100,10.69.131.192,TCP,80,S,40,
1774603647.132242,114.55.23.100,10.69.131.192,TCP,80,S,40,
1774603647.1369903,114.55.23.100,10.69.131.192,TCP,80,S,40,
1774603647.1415026,114.55.23.100,10.69.131.192,TCP,80,S,40,
1774603647.1467328,114.55.23.100,10.69.131.192,TCP,80,S,40,
1774603647.15255,114.55.23.100,10.69.131.192,TCP,80,S,40,
1774603647.1599333,114.55.23.100,10.69.131.192,TCP,80,S,40,
1774603647.1668527,114.55.23.100,10.69.131.192,TCP,80,S,40,
1774603647.1720257,114.55.23.100,10.69.131.192,TCP,80,S,40,
1774603647.178323,114.55.23.100,10.69.131.192,TCP,80,S,40,
1774603647.182155,114.55.23.100,10.69.131.192,TCP,80,S,40,
1774603647.186333,114.55.23.100,10.69.131.192,TCP,80,S,40,
1774603647.1926441,114.55.23.100,10.69.131.192,TCP,80,S,40,
1774603647.1958451,114.55.23.100,10.69.131.192,TCP,80,S,40,
1774603647.2005622,114.55.23.100,10.69.131.192,TCP,80,S,40,
1774603647.2050529,114.55.23.100,10.69.131.192,TCP,80,S,40,
1774603647.2098784,114.55.23.100,10.69.131.192,TCP,80,S,40,
1774603647.214514,114.55.23.100,10.69.131.192,TCP,80,S,40,
1774603647.2193627,114.55.23.100,10.69.131.192,TCP,80,S,40,
1774603647.2241805,114.55.23.100,10.69.131.192,TCP,80,S,40,
1774603647.2296734,114.55.23.100,10.69.131.192,TCP,80,S,40,
1774603647.2349362,114.55.23.100,10.69.131.192,TCP,80,S,40,
1774603647.2397213,114.55.23.100,10.69.131.192,TCP,80,S,40,
1774603647.2443755,114.55.23.100,10.69.131.192,TCP,80,S,40,
1774603647.2491403,114.55.23.100,10.69.131.192,TCP,80,S,40,
1774603647.2539675,114.55.23.100,10.69.131.192,TCP,80,S,40,
1774603647.260174,114.55.23.100,10.69.131.192,TCP,80,S,40,
1774603964.6164882,114.55.23.100,10.69.131.192,TCP,80,S,40,
1774603964.6254728,114.55.23.100,10.69.131.192,TCP,80,S,40,
1774603964.6298854,114.55.23.100,10.69.131.192,TCP,80,S,40,
1774603964.6355379,114.55.23.100,10.69.131.192,TCP,80,S,40,
1774603964.6416879,114.55.23.100,10.69.131.192,TCP,80,S,40,
1774603964.6461244,114.55.23.100,10.69.131.192,TCP,80,S,40,
1774603964.6516912,114.55.23.100,10.69.131.192,TCP,80,S,40,
1774603964.6579735,114.55.23.100,10.69.131.192,TCP,80,S,40,
1774603964.6620064,114.55.23.100,10.69.131.192,TCP,80,S,40,
1774603964.6665304,114.55.23.100,10.69.131.192,TCP,80,S,40,
1774603964.672273,114.55.23.100,10.69.131.192,TCP,80,S,40,
1774603964.6772704,114.55.23.100,10.69.131.192,TCP,80,S,40,
1774603964.681369,114.55.23.100,10.69.131.192,TCP,80,S,40,
1774603964.6859367,114.55.23.100,10.69.131.192,TCP,80,S,40,
1774603964.6927292,114.55.23.100,10.69.131.192,TCP,80,S,40,
1774603964.6977448,114.55.23.100,10.69.131.192,TCP,80,S,40,
1774603964.702349,114.55.23.100,10.69.131.192,TCP,80,S,40,
1774603964.706121,114.55.23.100,10.69.131.192,TCP,80,S,40,
1774603964.7131872,114.55.23.100,10.69.131.192,TCP,80,S,40,
1774603964.7189116,114.55.23.100,10.69.131.192,TCP,80,S,40,
1774603964.7241378,114.55.23.100,10.69.131.192,TCP,80,S,40,
1774603964.7286623,114.55.23.100,10.69.131.192,TCP,80,S,40,
1774603964.733412,114.55.23.100,10.69.131.192,TCP,80,S,40,
1774603964.7389503,114.55.23.100,10.69.131.192,TCP,80,S,40,
1774603964.745173,114.55.23.100,10.69.131.192,TCP,80,S,40,
1774603964.7504463,114.55.23.100,10.69.131.192,TCP,80,S,40,
1774603964.7559278,114.55.23.100,10.69.131.192,TCP,80,S,40,
1774603964.7609763,114.55.23.100,10.69.131.192,TCP,80,S,40,
1774603964.7660112,114.55.23.100,10.69.131.192,TCP,80,S,40,
1774603964.7704039,114.55.23.100,10.69.131.192,TCP,80,S,40,
1774603964.7755997,114.55.23.100,10.69.131.192,TCP,80,S,40,
1774603964.7808168,114.55.23.100,10.69.131.192,TCP,80,S,40,
1774603964.786325,114.55.23.100,10.69.131.192,TCP,80,S,40,
1774603964.7908802,114.55.23.100,10.69.131.192,TCP,80,S,40,
1774603964.796421,114.55.23.100,10.69.131.192,TCP,80,S,40,
1774603964.802515,114.55.23.100,10.69.131.192,TCP,80,S,40,
1774603964.808039,114.55.23.100,10.69.131.192,TCP,80,S,40,
1774603964.8126194,114.55.23.100,10.69.131.192,TCP,80,S,40,
1774603964.817217,114.55.23.100,10.69.131.192,TCP,80,S,40,
1774603964.82377,114.55.23.100,10.69.131.192,TCP,80,S,40,
1774603964.8282933,114.55.23.100,10.69.131.192,TCP,80,S,40,
1774603964.8391185,114.55.23.100,10.69.131.192,TCP,80,S,40,
1774603964.8453696,114.55.23.100,10.69.131.192,TCP,80,S,40,
1774603964.8513958,114.55.23.100,10.69.131.192,TCP,80,S,40,
1774603964.8579736,114.55.23.100,10.69.131.192,TCP,80,S,40,
1774603964.8641396,114.55.23.100,10.69.131.192,TCP,80,S,40,
1774603964.8697965,114.55.23.100,10.69.131.192,TCP,80,S,40,
1774603964.8738565,114.55.23.100,10.69.131.192,TCP,80,S,40,
1774603964.8787665,114.55.23.100,10.69.131.192,TCP,80,S,40,
1774603964.8833854,114.55.23.100,10.69.131.192,TCP,80,S,40,
1774603965.9359503,114.55.23.100,10.69.131.192,TCP,80,S,40,
1774603965.9434736,114.55.23.100,10.69.131.192,TCP,80,S,40,
1774603965.9505856,114.55.23.100,10.69.131.192,TCP,80,S,40,
1774603965.9570906,114.55.23.100,10.69.131.192,TCP,80,S,40,
1774603965.9626007,114.55.23.100,10.69.131.192,TCP,80,S,40,
1774603965.9708135,114.55.23.100,10.69.131.192,TCP,80,S,40,
1774603965.9783258,114.55.23.100,10.69.131.192,TCP,80,S,40,
1774603965.988121,114.55.23.100,10.69.131.192,TCP,80,S,40,
1774603966.0064604,114.55.23.100,10.69.131.192,TCP,80,S,40,
1774603966.0217276,114.55.23.100,10.69.131.192,TCP,80,S,40,
1774603966.030642,114.55.23.100,10.69.131.192,TCP,80,S,40,
1774603966.041201,114.55.23.100,10.69.131.192,TCP,80,S,40,
1774603966.0661948,114.55.23.100,10.69.131.192,TCP,80,S,40,
1774603966.0786843,114.55.23.100,10.69.131.192,TCP,80,S,40,
1774603966.091536,114.55.23.100,10.69.131.192,TCP,80,S,40,
1774603966.1027343,114.55.23.100,10.69.131.192,TCP,80,S,40,
1774603966.1149006,114.55.23.100,10.69.131.192,TCP,80,S,40,
1774603966.1255417,114.55.23.100,10.69.131.192,TCP,80,S,40,
1774603966.134149,114.55.23.100,10.69.131.192,TCP,80,S,40,
1774603966.1449058,114.55.23.100,10.69.131.192,TCP,80,S,40,
1774603966.1514227,114.55.23.100,10.69.131.192,TCP,80,S,40,
1774603966.1579387,114.55.23.100,10.69.131.192,TCP,80,S,40,
1774603966.164378,114.55.23.100,10.69.131.192,TCP,80,S,40,
1774603966.1688523,114.55.23.100,10.69.131.192,TCP,80,S,40,
1774603966.174145,114.55.23.100,10.69.131.192,TCP,80,S,40,
1774603966.1786535,114.55.23.100,10.69.131.192,TCP,80,S,40,
1774603966.182285,114.55.23.100,10.69.131.192,TCP,80,S,40,
1774603966.186812,114.55.23.100,10.69.131.192,TCP,80,S,40,
1774603966.1911483,114.55.23.100,10.69.131.192,TCP,80,S,40,
1774603966.1956573,114.55.23.100,10.69.131.192,TCP,80,S,40,
1774603966.2007809,114.55.23.100,10.69.131.192,TCP,80,S,40,
1774603966.2062883,114.55.23.100,10.69.131.192,TCP,80,S,40,
1774603966.2103388,114.55.23.100,10.69.131.192,TCP,80,S,40,
1774603966.21491,114.55.23.100,10.69.131.192,TCP,80,S,40,
1774603966.218496,114.55.23.100,10.69.131.192,TCP,80,S,40,
1774603966.2235003,114.55.23.100,10.69.131.192,TCP,80,S,40,
1774603966.2299364,114.55.23.100,10.69.131.192,TCP,80,S,40,
1774603966.2372289,114.55.23.100,10.69.131.192,TCP,80,S,40,
1774603966.2428515,114.55.23.100,10.69.131.192,TCP,80,S,40,
1774603966.2494822,114.55.23.100,10.69.131.192,TCP,80,S,40,
1774603966.2544937,114.55.23.100,10.69.131.192,TCP,80,S,40,
1774603966.259001,114.55.23.100,10.69.131.192,TCP,80,S,40,
1774603966.2646644,114.55.23.100,10.69.131.192,TCP,80,S,40,
1774603966.2717466,114.55.23.100,10.69.131.192,TCP,80,S,40,
1774603966.2773752,114.55.23.100,10.69.131.192,TCP,80,S,40,
1774603966.283389,114.55.23.100,10.69.131.192,TCP,80,S,40,
1774603966.291597,114.55.23.100,10.69.131.192,TCP,80,S,40,
1774603966.2971914,114.55.23.100,10.69.131.192,TCP,80,S,40,
1774603966.304387,114.55.23.100,10.69.131.192,TCP,80,S,40,
1774603966.311606,114.55.23.100,10.69.131.192,TCP,80,S,40,
1774603967.3554094,114.55.23.100,10.69.131.192,TCP,80,S,40,
1774603967.3928928,114.55.23.100,10.69.131.192,TCP,80,S,40,
1774603967.427008,114.55.23.100,10.69.131.192,TCP,80,S,40,
1774603967.4566543,114.55.23.100,10.69.131.192,TCP,80,S,40,
1774603967.4838774,114.55.23.100,10.69.131.192,TCP,80,S,40,
1774603967.5148861,114.55.23.100,10.69.131.192,TCP,80,S,40,
1774603967.5388267,114.55.23.100,10.69.131.192,TCP,80,S,40,
1774603967.566825,114.55.23.100,10.69.131.192,TCP,80,S,40,
1774603967.580671,114.55.23.100,10.69.131.192,TCP,80,S,40,
1774603967.5909913,114.55.23.100,10.69.131.192,TCP,80,S,40,
1774603967.5945635,114.55.23.100,10.69.131.192,TCP,80,S,40,
1774603967.6016304,114.55.23.100,10.69.131.192,TCP,80,S,40,
1774603967.606253,114.55.23.100,10.69.131.192,TCP,80,S,40,
1774603967.6108017,114.55.23.100,10.69.131.192,TCP,80,S,40,
1774603967.614814,114.55.23.100,10.69.131.192,TCP,80,S,40,
1774603967.6218588,114.55.23.100,10.69.131.192,TCP,80,S,40,
1774603967.6269033,114.55.23.100,10.69.131.192,TCP,80,S,40,
1774603967.630704,114.55.23.100,10.69.131.192,TCP,80,S,40,
1774603967.6359687,114.55.23.100,10.69.131.192,TCP,80,S,40,
1774603967.6409507,114.55.23.100,10.69.131.192,TCP,80,S,40,
1774603967.6474812,114.55.23.100,10.69.131.192,TCP,80,S,40,
1774603967.6500638,114.55.23.100,10.69.131.192,TCP,80,S,40,
1774603967.6556013,114.55.23.100,10.69.131.192,TCP,80,S,40,
1774603967.6601622,114.55.23.100,10.69.131.192,TCP,80,S,40,
1774603967.6641638,114.55.23.100,10.69.131.192,TCP,80,S,40,
1774603967.6688776,114.55.23.100,10.69.131.192,TCP,80,S,40,
1774603967.6728988,114.55.23.100,10.69.131.192,TCP,80,S,40,
1774603967.676908,114.55.23.100,10.69.131.192,TCP,80,S,40,
1774603967.6821742,114.55.23.100,10.69.131.192,TCP,80,S,40,
1774603967.687736,114.55.23.100,10.69.131.192,TCP,80,S,40,
1774603967.6927028,114.55.23.100,10.69.131.192,TCP,80,S,40,
1774603967.700115,114.55.23.100,10.69.131.192,TCP,80,S,40,
1774603967.7046597,114.55.23.100,10.69.131.192,TCP,80,S,40,
1774603967.710179,114.55.23.100,10.69.131.192,TCP,80,S,40,
1774603967.7170484,114.55.23.100,10.69.131.192,TCP,80,S,40,
1774603967.7225678,114.55.23.100,10.69.131.192,TCP,80,S,40,
1774603967.7287257,114.55.23.100,10.69.131.192,TCP,80,S,40,
1774603967.7332697,114.55.23.100,10.69.131.192,TCP,80,S,40,
1774603967.7387853,114.55.23.100,10.69.131.192,TCP,80,S,40,
1774603967.7463183,114.55.23.100,10.69.131.192,TCP,80,S,40,
1774603967.753356,114.55.23.100,10.69.131.192,TCP,80,S,40,
1774603967.760007,114.55.23.100,10.69.131.192,TCP,80,S,40,
1774603967.7650256,114.55.23.100,10.69.131.192,TCP,80,S,40,
1774603967.7709625,114.55.23.100,10.69.131.192,TCP,80,S,40,
1774603967.775575,114.55.23.100,10.69.131.192,TCP,80,S,40,
1774603967.7806559,114.55.23.100,10.69.131.192,TCP,80,S,40,
1774603967.7861764,114.55.23.100,10.69.131.192,TCP,80,S,40,
1774603967.7936254,114.55.23.100,10.69.131.192,TCP,80,S,40,
1774603967.800168,114.55.23.100,10.69.131.192,TCP,80,S,40,
1774603967.8064554,114.55.23.100,10.69.131.192,TCP,80,S,40,
1774603988.6069143,114.55.23.100,10.69.131.192,TCP,80,S,40,
1774603988.6115115,114.55.23.100,10.69.131.192,TCP,80,S,40,
1774603988.6171172,114.55.23.100,10.69.131.192,TCP,80,S,40,
1774603988.6227355,114.55.23.100,10.69.131.192,TCP,80,S,40,
1774603988.6295924,114.55.23.100,10.69.131.192,TCP,80,S,40,
1774603988.636528,114.55.23.100,10.69.131.192,TCP,80,S,40,
1774603988.6410985,114.55.23.100,10.69.131.192,TCP,80,S,40,
1774603988.6476352,114.55.23.100,10.69.131.192,TCP,80,S,40,
1774603988.651687,114.55.23.100,10.69.131.192,TCP,80,S,40,
1774603988.6560555,114.55.23.100,10.69.131.192,TCP,80,S,40,
1774603988.66213,114.55.23.100,10.69.131.192,TCP,80,S,40,
1774603988.667149,114.55.23.100,10.69.131.192,TCP,80,S,40,
1774603988.670749,114.55.23.100,10.69.131.192,TCP,80,S,40,
1774603988.676206,114.55.23.100,10.69.131.192,TCP,80,S,40,
1774603988.683347,114.55.23.100,10.69.131.192,TCP,80,S,40,
1774603988.687857,114.55.23.100,10.69.131.192,TCP,80,S,40,
1774603988.6941538,114.55.23.100,10.69.131.192,TCP,80,S,40,
1774603988.699162,114.55.23.100,10.69.131.192,TCP,80,S,40,
1774603988.704918,114.55.23.100,10.69.131.192,TCP,80,S,40,
1774603988.7110884,114.55.23.100,10.69.131.192,TCP,80,S,40,
1774603988.7172973,114.55.23.100,10.69.131.192,TCP,80,S,40,
1774603988.7234604,114.55.23.100,10.69.131.192,TCP,80,S,40,
1774603988.7284799,114.55.23.100,10.69.131.192,TCP,80,S,40,
1774603988.7336173,114.55.23.100,10.69.131.192,TCP,80,S,40,
1774603988.7401497,114.55.23.100,10.69.131.192,TCP,80,S,40,
1774603988.7461371,114.55.23.100,10.69.131.192,TCP,80,S,40,
1774603988.7516716,114.55.23.100,10.69.131.192,TCP,80,S,40,
1774603988.7580152,114.55.23.100,10.69.131.192,TCP,80,S,40,
1774603988.7630284,114.55.23.100,10.69.131.192,TCP,80,S,40,
1774603988.7681684,114.55.23.100,10.69.131.192,TCP,80,S,40,
1774603992.8864186,114.55.23.100,10.69.131.192,TCP,80,S,40,
1774603992.8927703,114.55.23.100,10.69.131.192,TCP,80,S,40,
1774603992.9014802,114.55.23.100,10.69.131.192,TCP,80,S,40,
1774603992.907993,114.55.23.100,10.69.131.192,TCP,80,S,40,
1774603992.9169679,114.55.23.100,10.69.131.192,TCP,80,S,40,
1774603992.9239178,114.55.23.100,10.69.131.192,TCP,80,S,40,
1774603992.9310338,114.55.23.100,10.69.131.192,TCP,80,S,40,
1774603992.9371932,114.55.23.100,10.69.131.192,TCP,80,S,40,
1774603992.9427085,114.55.23.100,10.69.131.192,TCP,80,S,40,
1774603992.949272,114.55.23.100,10.69.131.192,TCP,80,S,40,
1774603992.9533079,114.55.23.100,10.69.131.192,TCP,80,S,40,
1774603992.9594886,114.55.23.100,10.69.131.192,TCP,80,S,40,
1774603992.9641883,114.55.23.100,10.69.131.192,TCP,80,S,40,
1774603992.9694123,114.55.23.100,10.69.131.192,TCP,80,S,40,
1774603992.9755206,114.55.23.100,10.69.131.192,TCP,80,S,40,
1774603992.981037,114.55.23.100,10.69.131.192,TCP,80,S,40,
1774603992.986155,114.55.23.100,10.69.131.192,TCP,80,S,40,
1774603992.9901595,114.55.23.100,10.69.131.192,TCP,80,S,40,
1774603992.9951746,114.55.23.100,10.69.131.192,TCP,80,S,40,
1774603992.999174,114.55.23.100,10.69.131.192,TCP,80,S,40,
1774603993.0041878,114.55.23.100,10.69.131.192,TCP,80,S,40,
1774603993.009286,114.55.23.100,10.69.131.192,TCP,80,S,40,
1774603993.0132852,114.55.23.100,10.69.131.192,TCP,80,S,40,
1774603993.018822,114.55.23.100,10.69.131.192,TCP,80,S,40,
1774603993.026096,114.55.23.100,10.69.131.192,TCP,80,S,40,
1774603993.031089,114.55.23.100,10.69.131.192,TCP,80,S,40,
1774603993.035019,114.55.23.100,10.69.131.192,TCP,80,S,40,
1774603993.040118,114.55.23.100,10.69.131.192,TCP,80,S,40,
1774603993.0456545,114.55.23.100,10.69.131.192,TCP,80,S,40,
1774603993.0518064,114.55.23.100,10.69.131.192,TCP,80,S,40,
1774603997.2515771,114.55.23.100,10.69.131.192,TCP,80,S,40,
1774603997.2597418,114.55.23.100,10.69.131.192,TCP,80,S,40,
1774603997.2687771,114.55.23.100,10.69.131.192,TCP,80,S,40,
1774603997.2787316,114.55.23.100,10.69.131.192,TCP,80,S,40,
1774603997.2862856,114.55.23.100,10.69.131.192,TCP,80,S,40,
1774603997.2940478,114.55.23.100,10.69.131.192,TCP,80,S,40,
1774603997.301315,114.55.23.100,10.69.131.192,TCP,80,S,40,
1774603997.3085415,114.55.23.100,10.69.131.192,TCP,80,S,40,
1774603997.3136294,114.55.23.100,10.69.131.192,TCP,80,S,40,
1774603997.3201845,114.55.23.100,10.69.131.192,TCP,80,S,40,
1774603997.3261855,114.55.23.100,10.69.131.192,TCP,80,S,40,
1774603997.3318677,114.55.23.100,10.69.131.192,TCP,80,S,40,
1774603997.339378,114.55.23.100,10.69.131.192,TCP,80,S,40,
1774603997.3434203,114.55.23.100,10.69.131.192,TCP,80,S,40,
1774603997.3499253,114.55.23.100,10.69.131.192,TCP,80,S,40,
1774603997.3547282,114.55.23.100,10.69.131.192,TCP,80,S,40,
1774603997.359716,114.55.23.100,10.69.131.192,TCP,80,S,40,
1774603997.3647163,114.55.23.100,10.69.131.192,TCP,80,S,40,
1774603997.3697693,114.55.23.100,10.69.131.192,TCP,80,S,40,
1774603997.3747652,114.55.23.100,10.69.131.192,TCP,80,S,40,
1774603997.3786244,114.55.23.100,10.69.131.192,TCP,80,S,40,
1774603997.3825333,114.55.23.100,10.69.131.192,TCP,80,S,40,
1774603997.3878617,114.55.23.100,10.69.131.192,TCP,80,S,40,
1774603997.393677,114.55.23.100,10.69.131.192,TCP,80,S,40,
1774603997.4003544,114.55.23.100,10.69.131.192,TCP,80,S,40,
1774603997.4066982,114.55.23.100,10.69.131.192,TCP,80,S,40,
1774603997.4102087,114.55.23.100,10.69.131.192,TCP,80,S,40,
1774603997.416313,114.55.23.100,10.69.131.192,TCP,80,S,40,
1774603997.4219108,114.55.23.100,10.69.131.192,TCP,80,S,40,
1774603997.427641,114.55.23.100,10.69.131.192,TCP,80,S,40,
1774604611.5796795,114.55.23.100,10.69.131.192,TCP,80,S,40,
1774604611.5873525,114.55.23.100,10.69.131.192,TCP,80,S,40,
1774604611.5965626,114.55.23.100,10.69.131.192,TCP,80,S,40,
1774604611.606394,114.55.23.100,10.69.131.192,TCP,80,S,40,
1774604611.6228185,114.55.23.100,10.69.131.192,TCP,80,S,40,
1774604611.635526,114.55.23.100,10.69.131.192,TCP,80,S,40,
1774604611.6425338,114.55.23.100,10.69.131.192,TCP,80,S,40,
1774604611.6485698,114.55.23.100,10.69.131.192,TCP,80,S,40,
1774604611.6529484,114.55.23.100,10.69.131.192,TCP,80,S,40,
1774604611.6593275,114.55.23.100,10.69.131.192,TCP,80,S,40,
1774604611.6634722,114.55.23.100,10.69.131.192,TCP,80,S,40,
1774604611.6675491,114.55.23.100,10.69.131.192,TCP,80,S,40,
1774604611.6720684,114.55.23.100,10.69.131.192,TCP,80,S,40,
1774604611.6755443,114.55.23.100,10.69.131.192,TCP,80,S,40,
1774604611.6795416,114.55.23.100,10.69.131.192,TCP,80,S,40,
1774604611.6831837,114.55.23.100,10.69.131.192,TCP,80,S,40,
1774604611.6877456,114.55.23.100,10.69.131.192,TCP,80,S,40,
1774604611.6937687,114.55.23.100,10.69.131.192,TCP,80,S,40,
1774604611.7013266,114.55.23.100,10.69.131.192,TCP,80,S,40,
1774604611.7070239,114.55.23.100,10.69.131.192,TCP,80,S,40,
1774604611.713226,114.55.23.100,10.69.131.192,TCP,80,S,40,
1774604611.7208178,114.55.23.100,10.69.131.192,TCP,80,S,40,
1774604611.7298965,114.55.23.100,10.69.131.192,TCP,80,S,40,
1774604611.7410166,114.55.23.100,10.69.131.192,TCP,80,S,40,
1774604611.751552,114.55.23.100,10.69.131.192,TCP,80,S,40,
1774604611.7594652,114.55.23.100,10.69.131.192,TCP,80,S,40,
1774604611.7662587,114.55.23.100,10.69.131.192,TCP,80,S,40,
1774604611.7740846,114.55.23.100,10.69.131.192,TCP,80,S,40,
1774604611.7812002,114.55.23.100,10.69.131.192,TCP,80,S,40,
1774604611.7876625,114.55.23.100,10.69.131.192,TCP,80,S,40,
1774604611.8012865,114.55.23.100,10.69.131.192,TCP,80,S,40,
1774604611.8096373,114.55.23.100,10.69.131.192,TCP,80,S,40,
1774604611.8177204,114.55.23.100,10.69.131.192,TCP,80,S,40,
1774604611.82618,114.55.23.100,10.69.131.192,TCP,80,S,40,
1774604611.8350368,114.55.23.100,10.69.131.192,TCP,80,S,40,
1774604611.8441186,114.55.23.100,10.69.131.192,TCP,80,S,40,
1774604611.8522868,114.55.23.100,10.69.131.192,TCP,80,S,40,
1774604611.8594944,114.55.23.100,10.69.131.192,TCP,80,S,40,
1774604611.8660152,114.55.23.100,10.69.131.192,TCP,80,S,40,
1774604611.8713827,114.55.23.100,10.69.131.192,TCP,80,S,40,
1774604611.877389,114.55.23.100,10.69.131.192,TCP,80,S,40,
1774604611.8829253,114.55.23.100,10.69.131.192,TCP,80,S,40,
1774604611.8894935,114.55.23.100,10.69.131.192,TCP,80,S,40,
1774604611.8955603,114.55.23.100,10.69.131.192,TCP,80,S,40,
1774604611.901678,114.55.23.100,10.69.131.192,TCP,80,S,40,
1774604611.9066718,114.55.23.100,10.69.131.192,TCP,80,S,40,
1774604611.9134436,114.55.23.100,10.69.131.192,TCP,80,S,40,
1774604611.9201548,114.55.23.100,10.69.131.192,TCP,80,S,40,
1774604611.9261565,114.55.23.100,10.69.131.192,TCP,80,S,40,
1774604611.9314985,114.55.23.100,10.69.131.192,TCP,80,S,40,
1774604612.9730995,114.55.23.100,10.69.131.192,TCP,80,S,40,
1774604612.9870455,114.55.23.100,10.69.131.192,TCP,80,S,40,
1774604612.9984262,114.55.23.100,10.69.131.192,TCP,80,S,40,
1774604613.013482,114.55.23.100,10.69.131.192,TCP,80,S,40,
1774604613.032953,114.55.23.100,10.69.131.192,TCP,80,S,40,
1774604613.0453043,114.55.23.100,10.69.131.192,TCP,80,S,40,
1774604613.055108,114.55.23.100,10.69.131.192,TCP,80,S,40,
1774604613.063261,114.55.23.100,10.69.131.192,TCP,80,S,40,
1774604613.072221,114.55.23.100,10.69.131.192,TCP,80,S,40,
1774604613.0818212,114.55.23.100,10.69.131.192,TCP,80,S,40,
1774604613.0945022,114.55.23.100,10.69.131.192,TCP,80,S,40,
1774604613.1095586,114.55.23.100,10.69.131.192,TCP,80,S,40,
1774604613.121811,114.55.23.100,10.69.131.192,TCP,80,S,40,
1774604613.1307228,114.55.23.100,10.69.131.192,TCP,80,S,40,
1774604613.139259,114.55.23.100,10.69.131.192,TCP,80,S,40,
1774604613.146772,114.55.23.100,10.69.131.192,TCP,80,S,40,
1774604613.1526477,114.55.23.100,10.69.131.192,TCP,80,S,40,
1774604613.1564653,114.55.23.100,10.69.131.192,TCP,80,S,40,
1774604613.1613207,114.55.23.100,10.69.131.192,TCP,80,S,40,
1774604613.1651833,114.55.23.100,10.69.131.192,TCP,80,S,40,
1774604613.1705978,114.55.23.100,10.69.131.192,TCP,80,S,40,
1774604613.1751096,114.55.23.100,10.69.131.192,TCP,80,S,40,
1774604613.18015,114.55.23.100,10.69.131.192,TCP,80,S,40,
1774604613.1848397,114.55.23.100,10.69.131.192,TCP,80,S,40,
1774604613.1917117,114.55.23.100,10.69.131.192,TCP,80,S,40,
1774604613.1973,114.55.23.100,10.69.131.192,TCP,80,S,40,
1774604613.2014256,114.55.23.100,10.69.131.192,TCP,80,S,40,
1774604613.2071986,114.55.23.100,10.69.131.192,TCP,80,S,40,
1774604613.2133026,114.55.23.100,10.69.131.192,TCP,80,S,40,
1774604613.219743,114.55.23.100,10.69.131.192,TCP,80,S,40,
1774604613.2258387,114.55.23.100,10.69.131.192,TCP,80,S,40,
1774604613.2314212,114.55.23.100,10.69.131.192,TCP,80,S,40,
1774604613.2372622,114.55.23.100,10.69.131.192,TCP,80,S,40,
1774604613.2447124,114.55.23.100,10.69.131.192,TCP,80,S,40,
1774604613.2583494,114.55.23.100,10.69.131.192,TCP,80,S,40,
1774604613.2641366,114.55.23.100,10.69.131.192,TCP,80,S,40,
1774604613.2687948,114.55.23.100,10.69.131.192,TCP,80,S,40,
1774604613.2721071,114.55.23.100,10.69.131.192,TCP,80,S,40,
1774604613.2767122,114.55.23.100,10.69.131.192,TCP,80,S,40,
1774604613.2810283,114.55.23.100,10.69.131.192,TCP,80,S,40,
1774604613.2861803,114.55.23.100,10.69.131.192,TCP,80,S,40,
1774604613.2917235,114.55.23.100,10.69.131.192,TCP,80,S,40,
1774604613.2972436,114.55.23.100,10.69.131.192,TCP,80,S,40,
1774604613.3025117,114.55.23.100,10.69.131.192,TCP,80,S,40,
1774604613.3071058,114.55.23.100,10.69.131.192,TCP,80,S,40,
1774604613.3116353,114.55.23.100,10.69.131.192,TCP,80,S,40,
1774604613.316192,114.55.23.100,10.69.131.192,TCP,80,S,40,
1774604613.3240304,114.55.23.100,10.69.131.192,TCP,80,S,40,
1774604613.3322055,114.55.23.100,10.69.131.192,TCP,80,S,40,
1774604613.3403735,114.55.23.100,10.69.131.192,TCP,80,S,40,
1774604614.3770235,114.55.23.100,10.69.131.192,TCP,80,S,40,
1774604614.3993769,114.55.23.100,10.69.131.192,TCP,80,S,40,
1774604614.4168744,114.55.23.100,10.69.131.192,TCP,80,S,40,
1774604614.4286034,114.55.23.100,10.69.131.192,TCP,80,S,40,
1774604614.437107,114.55.23.100,10.69.131.192,TCP,80,S,40,
1774604614.4501092,114.55.23.100,10.69.131.192,TCP,80,S,40,
1774604614.4748619,114.55.23.100,10.69.131.192,TCP,80,S,40,
1774604614.4847589,114.55.23.100,10.69.131.192,TCP,80,S,40,
1774604614.4950068,114.55.23.100,10.69.131.192,TCP,80,S,40,
1774604614.5147667,114.55.23.100,10.69.131.192,TCP,80,S,40,
1774604614.5326433,114.55.23.100,10.69.131.192,TCP,80,S,40,
1774604614.5408266,114.55.23.100,10.69.131.192,TCP,80,S,40,
1774604614.54587,114.55.23.100,10.69.131.192,TCP,80,S,40,
1774604614.5513887,114.55.23.100,10.69.131.192,TCP,80,S,40,
1774604614.5555162,114.55.23.100,10.69.131.192,TCP,80,S,40,
1774604614.5622895,114.55.23.100,10.69.131.192,TCP,80,S,40,
1774604614.5674176,114.55.23.100,10.69.131.192,TCP,80,S,40,
1774604614.5745652,114.55.23.100,10.69.131.192,TCP,80,S,40,
1774604614.5796373,114.55.23.100,10.69.131.192,TCP,80,S,40,
1774604614.5840547,114.55.23.100,10.69.131.192,TCP,80,S,40,
1774604614.5935254,114.55.23.100,10.69.131.192,TCP,80,S,40,
1774604614.6011047,114.55.23.100,10.69.131.192,TCP,80,S,40,
1774604614.6066542,114.55.23.100,10.69.131.192,TCP,80,S,40,
1774604614.6122153,114.55.23.100,10.69.131.192,TCP,80,S,40,
1774604614.6186166,114.55.23.100,10.69.131.192,TCP,80,S,40,
1774604614.6226473,114.55.23.100,10.69.131.192,TCP,80,S,40,
1774604614.6266432,114.55.23.100,10.69.131.192,TCP,80,S,40,
1774604614.6315713,114.55.23.100,10.69.131.192,TCP,80,S,40,
1774604614.6361277,114.55.23.100,10.69.131.192,TCP,80,S,40,
1774604614.6401236,114.55.23.100,10.69.131.192,TCP,80,S,40,
1774604614.6446714,114.55.23.100,10.69.131.192,TCP,80,S,40,
1774604614.6482847,114.55.23.100,10.69.131.192,TCP,80,S,40,
1774604614.652386,114.55.23.100,10.69.131.192,TCP,80,S,40,
1774604614.656383,114.55.23.100,10.69.131.192,TCP,80,S,40,
1774604614.6599414,114.55.23.100,10.69.131.192,TCP,80,S,40,
1774604614.663627,114.55.23.100,10.69.131.192,TCP,80,S,40,
1774604614.6682541,114.55.23.100,10.69.131.192,TCP,80,S,40,
1774604614.6717825,114.55.23.100,10.69.131.192,TCP,80,S,40,
1774604614.6762648,114.55.23.100,10.69.131.192,TCP,80,S,40,
1774604614.6810906,114.55.23.100,10.69.131.192,TCP,80,S,40,
1774604614.6850863,114.55.23.100,10.69.131.192,TCP,80,S,40,
1774604614.690172,114.55.23.100,10.69.131.192,TCP,80,S,40,
1774604614.694468,114.55.23.100,10.69.131.192,TCP,80,S,40,
1774604614.699203,114.55.23.100,10.69.131.192,TCP,80,S,40,
1774604614.7047284,114.55.23.100,10.69.131.192,TCP,80,S,40,
1774604614.7097094,114.55.23.100,10.69.131.192,TCP,80,S,40,
1774604614.7137322,114.55.23.100,10.69.131.192,TCP,80,S,40,
1774604614.7188444,114.55.23.100,10.69.131.192,TCP,80,S,40,
1774604614.722859,114.55.23.100,10.69.131.192,TCP,80,S,40,
1774604614.7274303,114.55.23.100,10.69.131.192,TCP,80,S,40,
1774604615.7723544,114.55.23.100,10.69.131.192,TCP,80,S,40,
1774604615.7993965,114.55.23.100,10.69.131.192,TCP,80,S,40,
1774604615.824402,114.55.23.100,10.69.131.192,TCP,80,S,40,
1774604615.8536255,114.55.23.100,10.69.131.192,TCP,80,S,40,
1774604615.892999,114.55.23.100,10.69.131.192,TCP,80,S,40,
1774604615.9210944,114.55.23.100,10.69.131.192,TCP,80,S,40,
1774604615.933468,114.55.23.100,10.69.131.192,TCP,80,S,40,
1774604615.9534836,114.55.23.100,10.69.131.192,TCP,80,S,40,
1774604615.9617515,114.55.23.100,10.69.131.192,TCP,80,S,40,
1774604615.9663506,114.55.23.100,10.69.131.192,TCP,80,S,40,
1774604615.9709463,114.55.23.100,10.69.131.192,TCP,80,S,40,
1774604615.9755733,114.55.23.100,10.69.131.192,TCP,80,S,40,
1774604615.9806764,114.55.23.100,10.69.131.192,TCP,80,S,40,
1774604615.9846764,114.55.23.100,10.69.131.192,TCP,80,S,40,
1774604615.987983,114.55.23.100,10.69.131.192,TCP,80,S,40,
1774604615.9928403,114.55.23.100,10.69.131.192,TCP,80,S,40,
1774604615.9968529,114.55.23.100,10.69.131.192,TCP,80,S,40,
1774604616.000381,114.55.23.100,10.69.131.192,TCP,80,S,40,
1774604616.004443,114.55.23.100,10.69.131.192,TCP,80,S,40,
1774604616.0090737,114.55.23.100,10.69.131.192,TCP,80,S,40,
1774604616.0130727,114.55.23.100,10.69.131.192,TCP,80,S,40,
1774604616.01717,114.55.23.100,10.69.131.192,TCP,80,S,40,
1774604616.022302,114.55.23.100,10.69.131.192,TCP,80,S,40,
1774604616.0266798,114.55.23.100,10.69.131.192,TCP,80,S,40,
1774604616.0308914,114.55.23.100,10.69.131.192,TCP,80,S,40,
1774604616.034891,114.55.23.100,10.69.131.192,TCP,80,S,40,
1774604616.038581,114.55.23.100,10.69.131.192,TCP,80,S,40,
1774604616.0457065,114.55.23.100,10.69.131.192,TCP,80,S,40,
1774604616.0495076,114.55.23.100,10.69.131.192,TCP,80,S,40,
1774604616.0532851,114.55.23.100,10.69.131.192,TCP,80,S,40,
1774604616.0602148,114.55.23.100,10.69.131.192,TCP,80,S,40,
1774604616.0671184,114.55.23.100,10.69.131.192,TCP,80,S,40,
1774604616.0753207,114.55.23.100,10.69.131.192,TCP,80,S,40,
1774604616.0820982,114.55.23.100,10.69.131.192,TCP,80,S,40,
1774604616.089127,114.55.23.100,10.69.131.192,TCP,80,S,40,
1774604616.094681,114.55.23.100,10.69.131.192,TCP,80,S,40,
1774604616.102652,114.55.23.100,10.69.131.192,TCP,80,S,40,
1774604616.1107826,114.55.23.100,10.69.131.192,TCP,80,S,40,
1774604616.120404,114.55.23.100,10.69.131.192,TCP,80,S,40,
1774604616.131538,114.55.23.100,10.69.131.192,TCP,80,S,40,
1774604616.1427538,114.55.23.100,10.69.131.192,TCP,80,S,40,
1774604616.1546128,114.55.23.100,10.69.131.192,TCP,80,S,40,
1774604616.163508,114.55.23.100,10.69.131.192,TCP,80,S,40,
1774604616.1742845,114.55.23.100,10.69.131.192,TCP,80,S,40,
1774604616.1881313,114.55.23.100,10.69.131.192,TCP,80,S,40,
1774604616.2073054,114.55.23.100,10.69.131.192,TCP,80,S,40,
1774604616.2269034,114.55.23.100,10.69.131.192,TCP,80,S,40,
1774604616.2387512,114.55.23.100,10.69.131.192,TCP,80,S,40,
1774604616.2514806,114.55.23.100,10.69.131.192,TCP,80,S,40,
1774604616.2673442,114.55.23.100,10.69.131.192,TCP,80,S,40,
1774604654.176521,114.55.23.100,10.69.131.192,TCP,80,S,40,
1774604654.1862338,114.55.23.100,10.69.131.192,TCP,80,S,40,
1774604654.1974661,114.55.23.100,10.69.131.192,TCP,80,S,40,
1774604654.207043,114.55.23.100,10.69.131.192,TCP,80,S,40,
1774604654.2131338,114.55.23.100,10.69.131.192,TCP,80,S,40,
1774604654.2218416,114.55.23.100,10.69.131.192,TCP,80,S,40,
1774604654.2283432,114.55.23.100,10.69.131.192,TCP,80,S,40,
1774604654.234955,114.55.23.100,10.69.131.192,TCP,80,S,40,
1774604654.2390952,114.55.23.100,10.69.131.192,TCP,80,S,40,
1774604654.2426004,114.55.23.100,10.69.131.192,TCP,80,S,40,
1774604654.2471511,114.55.23.100,10.69.131.192,TCP,80,S,40,
1774604654.252275,114.55.23.100,10.69.131.192,TCP,80,S,40,
1774604654.2562659,114.55.23.100,10.69.131.192,TCP,80,S,40,
1774604654.260267,114.55.23.100,10.69.131.192,TCP,80,S,40,
1774604654.265081,114.55.23.100,10.69.131.192,TCP,80,S,40,
1774604654.2687585,114.55.23.100,10.69.131.192,TCP,80,S,40,
1774604654.272782,114.55.23.100,10.69.131.192,TCP,80,S,40,
1774604654.277373,114.55.23.100,10.69.131.192,TCP,80,S,40,
1774604654.2814157,114.55.23.100,10.69.131.192,TCP,80,S,40,
1774604654.2849386,114.55.23.100,10.69.131.192,TCP,80,S,40,
1774604654.2889452,114.55.23.100,10.69.131.192,TCP,80,S,40,
1774604654.292536,114.55.23.100,10.69.131.192,TCP,80,S,40,
1774604654.2965968,114.55.23.100,10.69.131.192,TCP,80,S,40,
1774604654.2995927,114.55.23.100,10.69.131.192,TCP,80,S,40,
1774604654.304617,114.55.23.100,10.69.131.192,TCP,80,S,40,
1774604654.310803,114.55.23.100,10.69.131.192,TCP,80,S,40,
1774604654.3138018,114.55.23.100,10.69.131.192,TCP,80,S,40,
1774604654.3184068,114.55.23.100,10.69.131.192,TCP,80,S,40,
1774604654.323032,114.55.23.100,10.69.131.192,TCP,80,S,40,
1774604654.327481,114.55.23.100,10.69.131.192,TCP,80,S,40,
1774604654.3321,114.55.23.100,10.69.131.192,TCP,80,S,40,
1774604654.337646,114.55.23.100,10.69.131.192,TCP,80,S,40,
1774604654.3448615,114.55.23.100,10.69.131.192,TCP,80,S,40,
1774604654.349931,114.55.23.100,10.69.131.192,TCP,80,S,40,
1774604654.3551674,114.55.23.100,10.69.131.192,TCP,80,S,40,
1774604654.3621366,114.55.23.100,10.69.131.192,TCP,80,S,40,
1774604654.366948,114.55.23.100,10.69.131.192,TCP,80,S,40,
1774604654.372951,114.55.23.100,10.69.131.192,TCP,80,S,40,
1774604654.3807542,114.55.23.100,10.69.131.192,TCP,80,S,40,
1774604654.3905516,114.55.23.100,10.69.131.192,TCP,80,S,40,
1774604654.4023952,114.55.23.100,10.69.131.192,TCP,80,S,40,
1774604654.416696,114.55.23.100,10.69.131.192,TCP,80,S,40,
1774604654.4338276,114.55.23.100,10.69.131.192,TCP,80,S,40,
1774604654.451603,114.55.23.100,10.69.131.192,TCP,80,S,40,
1774604654.4768064,114.55.23.100,10.69.131.192,TCP,80,S,40,
1774604654.5101366,114.55.23.100,10.69.131.192,TCP,80,S,40,
1774604654.5383315,114.55.23.100,10.69.131.192,TCP,80,S,40,
1774604654.5650954,114.55.23.100,10.69.131.192,TCP,80,S,40,
1774604654.580768,114.55.23.100,10.69.131.192,TCP,80,S,40,
1774604654.6006207,114.55.23.100,10.69.131.192,TCP,80,S,40,
1774604655.6434147,114.55.23.100,10.69.131.192,TCP,80,S,40,
1774604655.654282,114.55.23.100,10.69.131.192,TCP,80,S,40,
1774604655.6614065,114.55.23.100,10.69.131.192,TCP,80,S,40,
1774604655.6688259,114.55.23.100,10.69.131.192,TCP,80,S,40,
1774604655.6749113,114.55.23.100,10.69.131.192,TCP,80,S,40,
1774604655.6809292,114.55.23.100,10.69.131.192,TCP,80,S,40,
1774604655.6849275,114.55.23.100,10.69.131.192,TCP,80,S,40,
1774604655.6889908,114.55.23.100,10.69.131.192,TCP,80,S,40,
1774604655.6955354,114.55.23.100,10.69.131.192,TCP,80,S,40,
1774604655.7000473,114.55.23.100,10.69.131.192,TCP,80,S,40,
1774604655.7045588,114.55.23.100,10.69.131.192,TCP,80,S,40,
1774604655.7092915,114.55.23.100,10.69.131.192,TCP,80,S,40,
1774604655.713292,114.55.23.100,10.69.131.192,TCP,80,S,40,
1774604655.7188957,114.55.23.100,10.69.131.192,TCP,80,S,40,
1774604655.7234108,114.55.23.100,10.69.131.192,TCP,80,S,40,
1774604655.7294683,114.55.23.100,10.69.131.192,TCP,80,S,40,
1774604655.7334936,114.55.23.100,10.69.131.192,TCP,80,S,40,
1774604655.7396882,114.55.23.100,10.69.131.192,TCP,80,S,40,
1774604655.746231,114.55.23.100,10.69.131.192,TCP,80,S,40,
1774604655.7502835,114.55.23.100,10.69.131.192,TCP,80,S,40,
1774604655.7555218,114.55.23.100,10.69.131.192,TCP,80,S,40,
1774604655.7591045,114.55.23.100,10.69.131.192,TCP,80,S,40,
1774604655.7662063,114.55.23.100,10.69.131.192,TCP,80,S,40,
1774604655.7720776,114.55.23.100,10.69.131.192,TCP,80,S,40,
1774604655.7783964,114.55.23.100,10.69.131.192,TCP,80,S,40,
1774604655.7851112,114.55.23.100,10.69.131.192,TCP,80,S,40,
1774604655.7896569,114.55.23.100,10.69.131.192,TCP,80,S,40,
1774604655.794752,114.55.23.100,10.69.131.192,TCP,80,S,40,
1774604655.8003068,114.55.23.100,10.69.131.192,TCP,80,S,40,
1774604655.8044333,114.55.23.100,10.69.131.192,TCP,80,S,40,
1774604655.8110178,114.55.23.100,10.69.131.192,TCP,80,S,40,
1774604655.8160892,114.55.23.100,10.69.131.192,TCP,80,S,40,
1774604655.8206546,114.55.23.100,10.69.131.192,TCP,80,S,40,
1774604655.824654,114.55.23.100,10.69.131.192,TCP,80,S,40,
1774604655.8286488,114.55.23.100,10.69.131.192,TCP,80,S,40,
1774604655.8323731,114.55.23.100,10.69.131.192,TCP,80,S,40,
1774604655.834691,114.55.23.100,10.69.131.192,TCP,80,S,40,
1774604655.8385646,114.55.23.100,10.69.131.192,TCP,80,S,40,
1774604655.8429482,114.55.23.100,10.69.131.192,TCP,80,S,40,
1774604655.8467374,114.55.23.100,10.69.131.192,TCP,80,S,40,
1774604655.8502235,114.55.23.100,10.69.131.192,TCP,80,S,40,
1774604655.8543663,114.55.23.100,10.69.131.192,TCP,80,S,40,
1774604655.8593261,114.55.23.100,10.69.131.192,TCP,80,S,40,
1774604655.8628864,114.55.23.100,10.69.131.192,TCP,80,S,40,
1774604655.865906,114.55.23.100,10.69.131.192,TCP,80,S,40,
1774604655.8709457,114.55.23.100,10.69.131.192,TCP,80,S,40,
1774604655.8755908,114.55.23.100,10.69.131.192,TCP,80,S,40,
1774604655.879619,114.55.23.100,10.69.131.192,TCP,80,S,40,
1774604655.8861547,114.55.23.100,10.69.131.192,TCP,80,S,40,
1774604655.8926237,114.55.23.100,10.69.131.192,TCP,80,S,40,
1774604656.9430423,114.55.23.100,10.69.131.192,TCP,80,S,40,
1774604656.9534364,114.55.23.100,10.69.131.192,TCP,80,S,40,
1774604656.960686,114.55.23.100,10.69.131.192,TCP,80,S,40,
1774604656.966047,114.55.23.100,10.69.131.192,TCP,80,S,40,
1774604656.9722161,114.55.23.100,10.69.131.192,TCP,80,S,40,
1774604656.978278,114.55.23.100,10.69.131.192,TCP,80,S,40,
1774604656.9833648,114.55.23.100,10.69.131.192,TCP,80,S,40,
1774604656.9871342,114.55.23.100,10.69.131.192,TCP,80,S,40,
1774604656.9910545,114.55.23.100,10.69.131.192,TCP,80,S,40,
1774604656.9956613,114.55.23.100,10.69.131.192,TCP,80,S,40,
1774604656.9995067,114.55.23.100,10.69.131.192,TCP,80,S,40,
1774604657.0036008,114.55.23.100,10.69.131.192,TCP,80,S,40,
1774604657.0093446,114.55.23.100,10.69.131.192,TCP,80,S,40,
1774604657.0145082,114.55.23.100,10.69.131.192,TCP,80,S,40,
1774604657.0185647,114.55.23.100,10.69.131.192,TCP,80,S,40,
1774604657.0226774,114.55.23.100,10.69.131.192,TCP,80,S,40,
1774604657.028371,114.55.23.100,10.69.131.192,TCP,80,S,40,
1774604657.0381846,114.55.23.100,10.69.131.192,TCP,80,S,40,
1774604657.0493984,114.55.23.100,10.69.131.192,TCP,80,S,40,
1774604657.0630014,114.55.23.100,10.69.131.192,TCP,80,S,40,
1774604657.0796728,114.55.23.100,10.69.131.192,TCP,80,S,40,
1774604657.0974686,114.55.23.100,10.69.131.192,TCP,80,S,40,
1774604657.1142805,114.55.23.100,10.69.131.192,TCP,80,S,40,
1774604657.1296844,114.55.23.100,10.69.131.192,TCP,80,S,40,
1774604657.1486328,114.55.23.100,10.69.131.192,TCP,80,S,40,
1774604657.1718628,114.55.23.100,10.69.131.192,TCP,80,S,40,
1774604657.193435,114.55.23.100,10.69.131.192,TCP,80,S,40,
1774604657.2139125,114.55.23.100,10.69.131.192,TCP,80,S,40,
1774604657.2322867,114.55.23.100,10.69.131.192,TCP,80,S,40,
1774604657.2504122,114.55.23.100,10.69.131.192,TCP,80,S,40,
1774604657.2689924,114.55.23.100,10.69.131.192,TCP,80,S,40,
1774604657.2895734,114.55.23.100,10.69.131.192,TCP,80,S,40,
1774604657.313473,114.55.23.100,10.69.131.192,TCP,80,S,40,
1774604657.3397138,114.55.23.100,10.69.131.192,TCP,80,S,40,
1774604657.3617609,114.55.23.100,10.69.131.192,TCP,80,S,40,
1774604657.3864698,114.55.23.100,10.69.131.192,TCP,80,S,40,
1774604657.416759,114.55.23.100,10.69.131.192,TCP,80,S,40,
1774604657.4380546,114.55.23.100,10.69.131.192,TCP,80,S,40,
1774604657.4581516,114.55.23.100,10.69.131.192,TCP,80,S,40,
1774604657.4768054,114.55.23.100,10.69.131.192,TCP,80,S,40,
1774604657.4957888,114.55.23.100,10.69.131.192,TCP,80,S,40,
1774604657.5150845,114.55.23.100,10.69.131.192,TCP,80,S,40,
1774604657.5306826,114.55.23.100,10.69.131.192,TCP,80,S,40,
1774604657.5426593,114.55.23.100,10.69.131.192,TCP,80,S,40,
1774604657.553787,114.55.23.100,10.69.131.192,TCP,80,S,40,
1774604657.5708618,114.55.23.100,10.69.131.192,TCP,80,S,40,
1774604657.5901206,114.55.23.100,10.69.131.192,TCP,80,S,40,
1774604657.608404,114.55.23.100,10.69.131.192,TCP,80,S,40,
1774604657.642715,114.55.23.100,10.69.131.192,TCP,80,S,40,
1774604657.6712167,114.55.23.100,10.69.131.192,TCP,80,S,40,
1774604658.7196314,114.55.23.100,10.69.131.192,TCP,80,S,40,
1774604658.7261708,114.55.23.100,10.69.131.192,TCP,80,S,40,
1774604658.730734,114.55.23.100,10.69.131.192,TCP,80,S,40,
1774604658.7347329,114.55.23.100,10.69.131.192,TCP,80,S,40,
1774604658.73938,114.55.23.100,10.69.131.192,TCP,80,S,40,
1774604658.7444437,114.55.23.100,10.69.131.192,TCP,80,S,40,
1774604658.749443,114.55.23.100,10.69.131.192,TCP,80,S,40,
1774604658.754059,114.55.23.100,10.69.131.192,TCP,80,S,40,
1774604658.7591343,114.55.23.100,10.69.131.192,TCP,80,S,40,
1774604658.7641344,114.55.23.100,10.69.131.192,TCP,80,S,40,
1774604658.7693875,114.55.23.100,10.69.131.192,TCP,80,S,40,
1774604658.7766962,114.55.23.100,10.69.131.192,TCP,80,S,40,
1774604658.7834463,114.55.23.100,10.69.131.192,TCP,80,S,40,
1774604658.7940304,114.55.23.100,10.69.131.192,TCP,80,S,40,
1774604658.802301,114.55.23.100,10.69.131.192,TCP,80,S,40,
1774604658.8087656,114.55.23.100,10.69.131.192,TCP,80,S,40,
1774604658.8152971,114.55.23.100,10.69.131.192,TCP,80,S,40,
1774604658.8225832,114.55.23.100,10.69.131.192,TCP,80,S,40,
1774604658.8285668,114.55.23.100,10.69.131.192,TCP,80,S,40,
1774604658.8373113,114.55.23.100,10.69.131.192,TCP,80,S,40,
1774604658.8445306,114.55.23.100,10.69.131.192,TCP,80,S,40,
1774604658.8496943,114.55.23.100,10.69.131.192,TCP,80,S,40,
1774604658.85428,114.55.23.100,10.69.131.192,TCP,80,S,40,
1774604658.8582702,114.55.23.100,10.69.131.192,TCP,80,S,40,
1774604658.8623912,114.55.23.100,10.69.131.192,TCP,80,S,40,
1774604658.8661406,114.55.23.100,10.69.131.192,TCP,80,S,40,
1774604658.8698099,114.55.23.100,10.69.131.192,TCP,80,S,40,
1774604658.8738327,114.55.23.100,10.69.131.192,TCP,80,S,40,
1774604658.8783417,114.55.23.100,10.69.131.192,TCP,80,S,40,
1774604658.8809013,114.55.23.100,10.69.131.192,TCP,80,S,40,
1774604658.884921,114.55.23.100,10.69.131.192,TCP,80,S,40,
1774604658.8882015,114.55.23.100,10.69.131.192,TCP,80,S,40,
1774604658.8912208,114.55.23.100,10.69.131.192,TCP,80,S,40,
1774604658.8964381,114.55.23.100,10.69.131.192,TCP,80,S,40,
1774604658.9006684,114.55.23.100,10.69.131.192,TCP,80,S,40,
1774604658.9038188,114.55.23.100,10.69.131.192,TCP,80,S,40,
1774604658.9068153,114.55.23.100,10.69.131.192,TCP,80,S,40,
1774604658.910985,114.55.23.100,10.69.131.192,TCP,80,S,40,
1774604658.9149995,114.55.23.100,10.69.131.192,TCP,80,S,40,
1774604658.91857,114.55.23.100,10.69.131.192,TCP,80,S,40,
1774604658.921591,114.55.23.100,10.69.131.192,TCP,80,S,40,
1774604658.9262161,114.55.23.100,10.69.131.192,TCP,80,S,40,
1774604658.9308457,114.55.23.100,10.69.131.192,TCP,80,S,40,
1774604658.9338467,114.55.23.100,10.69.131.192,TCP,80,S,40,
1774604658.9389026,114.55.23.100,10.69.131.192,TCP,80,S,40,
1774604658.944952,114.55.23.100,10.69.131.192,TCP,80,S,40,
1774604658.9479651,114.55.23.100,10.69.131.192,TCP,80,S,40,
1774604658.9525511,114.55.23.100,10.69.131.192,TCP,80,S,40,
1774604658.9571204,114.55.23.100,10.69.131.192,TCP,80,S,40,
1774604658.9614003,114.55.23.100,10.69.131.192,TCP,80,S,40,
1774604684.1743135,114.55.23.100,10.69.131.192,TCP,80,S,40,
1774604684.1832356,114.55.23.100,10.69.131.192,TCP,80,S,40,
1774604684.1910453,114.55.23.100,10.69.131.192,TCP,80,S,40,
1774604684.2010398,114.55.23.100,10.69.131.192,TCP,80,S,40,
1774604684.2080936,114.55.23.100,10.69.131.192,TCP,80,S,40,
1774604684.2149591,114.55.23.100,10.69.131.192,TCP,80,S,40,
1774604684.22222,114.55.23.100,10.69.131.192,TCP,80,S,40,
1774604684.22675,114.55.23.100,10.69.131.192,TCP,80,S,40,
1774604684.231923,114.55.23.100,10.69.131.192,TCP,80,S,40,
1774604684.2349236,114.55.23.100,10.69.131.192,TCP,80,S,40,
1774604684.238948,114.55.23.100,10.69.131.192,TCP,80,S,40,
1774604684.2434587,114.55.23.100,10.69.131.192,TCP,80,S,40,
1774604684.2474887,114.55.23.100,10.69.131.192,TCP,80,S,40,
1774604684.2515407,114.55.23.100,10.69.131.192,TCP,80,S,40,
1774604684.254699,114.55.23.100,10.69.131.192,TCP,80,S,40,
1774604684.258876,114.55.23.100,10.69.131.192,TCP,80,S,40,
1774604684.2623303,114.55.23.100,10.69.131.192,TCP,80,S,40,
1774604684.2658658,114.55.23.100,10.69.131.192,TCP,80,S,40,
1774604684.2703435,114.55.23.100,10.69.131.192,TCP,80,S,40,
1774604684.274455,114.55.23.100,10.69.131.192,TCP,80,S,40,
1774604684.2797246,114.55.23.100,10.69.131.192,TCP,80,S,40,
1774604684.2861645,114.55.23.100,10.69.131.192,TCP,80,S,40,
1774604684.2936978,114.55.23.100,10.69.131.192,TCP,80,S,40,
1774604684.3037598,114.55.23.100,10.69.131.192,TCP,80,S,40,
1774604684.317489,114.55.23.100,10.69.131.192,TCP,80,S,40,
1774604684.3340116,114.55.23.100,10.69.131.192,TCP,80,S,40,
1774604684.353568,114.55.23.100,10.69.131.192,TCP,80,S,40,
1774604684.3734787,114.55.23.100,10.69.131.192,TCP,80,S,40,
1774604684.3938956,114.55.23.100,10.69.131.192,TCP,80,S,40,
1774604684.409737,114.55.23.100,10.69.131.192,TCP,80,S,40,
1774604684.4287899,114.55.23.100,10.69.131.192,TCP,80,S,40,
1774604684.4493084,114.55.23.100,10.69.131.192,TCP,80,S,40,
1774604684.469861,114.55.23.100,10.69.131.192,TCP,80,S,40,
1774604684.4891746,114.55.23.100,10.69.131.192,TCP,80,S,40,
1774604684.5073702,114.55.23.100,10.69.131.192,TCP,80,S,40,
1774604684.535011,114.55.23.100,10.69.131.192,TCP,80,S,40,
1774604684.5564878,114.55.23.100,10.69.131.192,TCP,80,S,40,
1774604684.5765667,114.55.23.100,10.69.131.192,TCP,80,S,40,
1774604684.595509,114.55.23.100,10.69.131.192,TCP,80,S,40,
1774604684.6151211,114.55.23.100,10.69.131.192,TCP,80,S,40,
1774604684.6333156,114.55.23.100,10.69.131.192,TCP,80,S,40,
1774604684.6532288,114.55.23.100,10.69.131.192,TCP,80,S,40,
1774604684.6706123,114.55.23.100,10.69.131.192,TCP,80,S,40,
1774604684.6900754,114.55.23.100,10.69.131.192,TCP,80,S,40,
1774604684.710007,114.55.23.100,10.69.131.192,TCP,80,S,40,
1774604684.730172,114.55.23.100,10.69.131.192,TCP,80,S,40,
1774604684.749435,114.55.23.100,10.69.131.192,TCP,80,S,40,
1774604684.7685077,114.55.23.100,10.69.131.192,TCP,80,S,40,
1774604684.7873163,114.55.23.100,10.69.131.192,TCP,80,S,40,
1774604684.806589,114.55.23.100,10.69.131.192,TCP,80,S,40,
1774604685.8569112,114.55.23.100,10.69.131.192,TCP,80,S,40,
1774604685.8700106,114.55.23.100,10.69.131.192,TCP,80,S,40,
1774604685.8910444,114.55.23.100,10.69.131.192,TCP,80,S,40,
1774604685.9148245,114.55.23.100,10.69.131.192,TCP,80,S,40,
1774604685.9348493,114.55.23.100,10.69.131.192,TCP,80,S,40,
1774604685.9599886,114.55.23.100,10.69.131.192,TCP,80,S,40,
1774604685.980866,114.55.23.100,10.69.131.192,TCP,80,S,40,
1774604686.002969,114.55.23.100,10.69.131.192,TCP,80,S,40,
1774604686.0214396,114.55.23.100,10.69.131.192,TCP,80,S,40,
1774604686.0354447,114.55.23.100,10.69.131.192,TCP,80,S,40,
1774604686.051521,114.55.23.100,10.69.131.192,TCP,80,S,40,
1774604686.0670836,114.55.23.100,10.69.131.192,TCP,80,S,40,
1774604686.0890262,114.55.23.100,10.69.131.192,TCP,80,S,40,
1774604686.120786,114.55.23.100,10.69.131.192,TCP,80,S,40,
1774604686.1474957,114.55.23.100,10.69.131.192,TCP,80,S,40,
1774604686.1774082,114.55.23.100,10.69.131.192,TCP,80,S,40,
1774604686.203601,114.55.23.100,10.69.131.192,TCP,80,S,40,
1774604686.2291298,114.55.23.100,10.69.131.192,TCP,80,S,40,
1774604686.2546065,114.55.23.100,10.69.131.192,TCP,80,S,40,
1774604686.2674525,114.55.23.100,10.69.131.192,TCP,80,S,40,
1774604686.2843142,114.55.23.100,10.69.131.192,TCP,80,S,40,
1774604686.30529,114.55.23.100,10.69.131.192,TCP,80,S,40,
1774604686.3234413,114.55.23.100,10.69.131.192,TCP,80,S,40,
1774604686.3450232,114.55.23.100,10.69.131.192,TCP,80,S,40,
1774604686.362398,114.55.23.100,10.69.131.192,TCP,80,S,40,
1774604686.3810673,114.55.23.100,10.69.131.192,TCP,80,S,40,
1774604686.4007654,114.55.23.100,10.69.131.192,TCP,80,S,40,
1774604686.416517,114.55.23.100,10.69.131.192,TCP,80,S,40,
1774604686.4311922,114.55.23.100,10.69.131.192,TCP,80,S,40,
1774604686.448474,114.55.23.100,10.69.131.192,TCP,80,S,40,
1774604686.4580202,114.55.23.100,10.69.131.192,TCP,80,S,40,
1774604686.4663267,114.55.23.100,10.69.131.192,TCP,80,S,40,
1774604686.472894,114.55.23.100,10.69.131.192,TCP,80,S,40,
1774604686.4786344,114.55.23.100,10.69.131.192,TCP,80,S,40,
1774604686.483316,114.55.23.100,10.69.131.192,TCP,80,S,40,
1774604686.48837,114.55.23.100,10.69.131.192,TCP,80,S,40,
1774604686.4938262,114.55.23.100,10.69.131.192,TCP,80,S,40,
1774604686.5005982,114.55.23.100,10.69.131.192,TCP,80,S,40,
1774604686.5080292,114.55.23.100,10.69.131.192,TCP,80,S,40,
1774604686.5149574,114.55.23.100,10.69.131.192,TCP,80,S,40,
1774604686.5199778,114.55.23.100,10.69.131.192,TCP,80,S,40,
1774604686.52651,114.55.23.100,10.69.131.192,TCP,80,S,40,
1774604686.5317142,114.55.23.100,10.69.131.192,TCP,80,S,40,
1774604686.5391176,114.55.23.100,10.69.131.192,TCP,80,S,40,
1774604686.5462406,114.55.23.100,10.69.131.192,TCP,80,S,40,
1774604686.5512676,114.55.23.100,10.69.131.192,TCP,80,S,40,
1774604686.5562918,114.55.23.100,10.69.131.192,TCP,80,S,40,
1774604686.5617695,114.55.23.100,10.69.131.192,TCP,80,S,40,
1774604686.5661404,114.55.23.100,10.69.131.192,TCP,80,S,40,
1774604686.5711112,114.55.23.100,10.69.131.192,TCP,80,S,40,
1774604687.6110857,114.55.23.100,10.69.131.192,TCP,80,S,40,
1774604687.6206102,114.55.23.100,10.69.131.192,TCP,80,S,40,
1774604687.6344802,114.55.23.100,10.69.131.192,TCP,80,S,40,
1774604687.6471837,114.55.23.100,10.69.131.192,TCP,80,S,40,
1774604687.6698995,114.55.23.100,10.69.131.192,TCP,80,S,40,
1774604687.6881523,114.55.23.100,10.69.131.192,TCP,80,S,40,
1774604687.6950474,114.55.23.100,10.69.131.192,TCP,80,S,40,
1774604687.703884,114.55.23.100,10.69.131.192,TCP,80,S,40,
1774604687.7098129,114.55.23.100,10.69.131.192,TCP,80,S,40,
1774604687.7158475,114.55.23.100,10.69.131.192,TCP,80,S,40,
1774604687.721948,114.55.23.100,10.69.131.192,TCP,80,S,40,
1774604687.7274616,114.55.23.100,10.69.131.192,TCP,80,S,40,
1774604687.7334273,114.55.23.100,10.69.131.192,TCP,80,S,40,
1774604687.7385128,114.55.23.100,10.69.131.192,TCP,80,S,40,
1774604687.7435834,114.55.23.100,10.69.131.192,TCP,80,S,40,
1774604687.7501361,114.55.23.100,10.69.131.192,TCP,80,S,40,
1774604687.7566476,114.55.23.100,10.69.131.192,TCP,80,S,40,
1774604687.7611935,114.55.23.100,10.69.131.192,TCP,80,S,40,
1774604687.7665753,114.55.23.100,10.69.131.192,TCP,80,S,40,
1774604687.7706857,114.55.23.100,10.69.131.192,TCP,80,S,40,
1774604687.776195,114.55.23.100,10.69.131.192,TCP,80,S,40,
1774604687.7822323,114.55.23.100,10.69.131.192,TCP,80,S,40,
1774604687.7869153,114.55.23.100,10.69.131.192,TCP,80,S,40,
1774604687.7911007,114.55.23.100,10.69.131.192,TCP,80,S,40,
1774604687.7956173,114.55.23.100,10.69.131.192,TCP,80,S,40,
1774604687.8006558,114.55.23.100,10.69.131.192,TCP,80,S,40,
1774604687.8051622,114.55.23.100,10.69.131.192,TCP,80,S,40,
1774604687.809647,114.55.23.100,10.69.131.192,TCP,80,S,40,
1774604687.8148704,114.55.23.100,10.69.131.192,TCP,80,S,40,
1774604687.8195179,114.55.23.100,10.69.131.192,TCP,80,S,40,
1774604687.823671,114.55.23.100,10.69.131.192,TCP,80,S,40,
1774604687.827678,114.55.23.100,10.69.131.192,TCP,80,S,40,
1774604687.8338683,114.55.23.100,10.69.131.192,TCP,80,S,40,
1774604687.8389661,114.55.23.100,10.69.131.192,TCP,80,S,40,
1774604687.8451726,114.55.23.100,10.69.131.192,TCP,80,S,40,
1774604687.8513057,114.55.23.100,10.69.131.192,TCP,80,S,40,
1774604687.8548753,114.55.23.100,10.69.131.192,TCP,80,S,40,
1774604687.8584313,114.55.23.100,10.69.131.192,TCP,80,S,40,
1774604687.8624413,114.55.23.100,10.69.131.192,TCP,80,S,40,
1774604687.8659816,114.55.23.100,10.69.131.192,TCP,80,S,40,
1774604687.8697686,114.55.23.100,10.69.131.192,TCP,80,S,40,
1774604687.8727517,114.55.23.100,10.69.131.192,TCP,80,S,40,
1774604687.8767684,114.55.23.100,10.69.131.192,TCP,80,S,40,
1774604687.8798258,114.55.23.100,10.69.131.192,TCP,80,S,40,
1774604687.8838482,114.55.23.100,10.69.131.192,TCP,80,S,40,
1774604687.8873868,114.55.23.100,10.69.131.192,TCP,80,S,40,
1774604687.8904686,114.55.23.100,10.69.131.192,TCP,80,S,40,
1774604687.8940213,114.55.23.100,10.69.131.192,TCP,80,S,40,
1774604687.8980253,114.55.23.100,10.69.131.192,TCP,80,S,40,
1774604687.904117,114.55.23.100,10.69.131.192,TCP,80,S,40,
1774604688.95156,114.55.23.100,10.69.131.192,TCP,80,S,40,
1774604688.9708936,114.55.23.100,10.69.131.192,TCP,80,S,40,
1774604688.9927657,114.55.23.100,10.69.131.192,TCP,80,S,40,
1774604689.0163314,114.55.23.100,10.69.131.192,TCP,80,S,40,
1774604689.0412316,114.55.23.100,10.69.131.192,TCP,80,S,40,
1774604689.0631144,114.55.23.100,10.69.131.192,TCP,80,S,40,
1774604689.0814707,114.55.23.100,10.69.131.192,TCP,80,S,40,
1774604689.0969868,114.55.23.100,10.69.131.192,TCP,80,S,40,
1774604689.11526,114.55.23.100,10.69.131.192,TCP,80,S,40,
1774604689.1404867,114.55.23.100,10.69.131.192,TCP,80,S,40,
1774604689.169946,114.55.23.100,10.69.131.192,TCP,80,S,40,
1774604689.1952903,114.55.23.100,10.69.131.192,TCP,80,S,40,
1774604689.220396,114.55.23.100,10.69.131.192,TCP,80,S,40,
1774604689.2486746,114.55.23.100,10.69.131.192,TCP,80,S,40,
1774604689.2788289,114.55.23.100,10.69.131.192,TCP,80,S,40,
1774604689.304269,114.55.23.100,10.69.131.192,TCP,80,S,40,
1774604689.3288748,114.55.23.100,10.69.131.192,TCP,80,S,40,
1774604689.3561847,114.55.23.100,10.69.131.192,TCP,80,S,40,
1774604689.3817334,114.55.23.100,10.69.131.192,TCP,80,S,40,
1774604689.4035993,114.55.23.100,10.69.131.192,TCP,80,S,40,
1774604689.428666,114.55.23.100,10.69.131.192,TCP,80,S,40,
1774604689.4599063,114.55.23.100,10.69.131.192,TCP,80,S,40,
1774604689.4785118,114.55.23.100,10.69.131.192,TCP,80,S,40,
1774604689.5084198,114.55.23.100,10.69.131.192,TCP,80,S,40,
1774604689.5361643,114.55.23.100,10.69.131.192,TCP,80,S,40,
1774604689.5624743,114.55.23.100,10.69.131.192,TCP,80,S,40,
1774604689.593965,114.55.23.100,10.69.131.192,TCP,80,S,40,
1774604689.6232054,114.55.23.100,10.69.131.192,TCP,80,S,40,
1774604689.6516862,114.55.23.100,10.69.131.192,TCP,80,S,40,
1774604689.6718452,114.55.23.100,10.69.131.192,TCP,80,S,40,
1774604689.6903522,114.55.23.100,10.69.131.192,TCP,80,S,40,
1774604689.7091498,114.55.23.100,10.69.131.192,TCP,80,S,40,
1774604689.7287562,114.55.23.100,10.69.131.192,TCP,80,S,40,
1774604689.7551434,114.55.23.100,10.69.131.192,TCP,80,S,40,
1774604689.773137,114.55.23.100,10.69.131.192,TCP,80,S,40,
1774604689.7927923,114.55.23.100,10.69.131.192,TCP,80,S,40,
1774604689.8107119,114.55.23.100,10.69.131.192,TCP,80,S,40,
1774604689.8286524,114.55.23.100,10.69.131.192,TCP,80,S,40,
1774604689.8476489,114.55.23.100,10.69.131.192,TCP,80,S,40,
1774604689.8785133,114.55.23.100,10.69.131.192,TCP,80,S,40,
1774604689.908278,114.55.23.100,10.69.131.192,TCP,80,S,40,
1774604689.927142,114.55.23.100,10.69.131.192,TCP,80,S,40,
1774604689.9481266,114.55.23.100,10.69.131.192,TCP,80,S,40,
1774604689.9661067,114.55.23.100,10.69.131.192,TCP,80,S,40,
1774604689.9848144,114.55.23.100,10.69.131.192,TCP,80,S,40,
1774604690.006857,114.55.23.100,10.69.131.192,TCP,80,S,40,
1774604690.0359662,114.55.23.100,10.69.131.192,TCP,80,S,40,
1774604690.0564706,114.55.23.100,10.69.131.192,TCP,80,S,40,
1774604690.0729563,114.55.23.100,10.69.131.192,TCP,80,S,40,
1774604690.0881646,114.55.23.100,10.69.131.192,TCP,80,S,40,
